@reveal,@ByardDuncan
@GENinnovate,@darrenlonghk
@gijn,@ICFJ
@IJNet,@ICFJKnight
@UjjwalAcharya,@thetribunechd
@emilybell,@BenedictEvans
@emilybell,@Angrypops2016
@gijnAfrica,@GIJN
@RolfeWinkler,@facebook
@BradenGall,@AvgJ0seph
@BradenGall,@richarddeitsch
@ICFJ,@ICFJKnight
@jeffhauser,@mattyglesias
@jeffhauser,@dylanmatt
@IndiaSpend,@instagram
@IJNet,@arabdjn
@small_media,@nanyjharon
@small_media,@NgeungaM
@ICFJ,@ICFJKnight
@Behrang,@BBCRadio4
@NAHJ,@bdelossantos1
@emorwee,@IRE_NICAR
@gijn,@EvaConstantaras
@jburnmurdoch,@election_data
@jburnmurdoch,@ft
@gijn,@paulbradshaw
@pewjournalism,@googlenewslab
@pewjournalism,@pewjournalism
@VoCommunism,@nfergus
@ICFJ,@ICFJKnight
@sandra_barry,@FiveThirtyEight
@IJNet,@ICFJKnight
@jason_kint,@tomforemski
@juruwolfe,@jasonachiu
@ICFJ,@ICFJKnight
@alv9n,@DukeChronicle
@gijn,@fexi
@gijn,@duc_qn
@gijn,@dalebechtel
@NAHJ,@brandontvnews
@madversity,@UIDAI
@GENinnovate,@geninnovate
@GENinnovate,@googlenewslab
@GENinnovate,@knightfdn
@RKRadhakrishn,@vrsrini
@ICFJ,@ICFJKnight
@Neil_Irwin,@Steve_in_RI
@Neil_Irwin,@jbirkan
@Bahareh360,@UCDDublin
@kathryncasteel,@lamthuyvo
@Authentic8,@evanderburg
@marc_smith,@gijn
@marc_smith,@youtube
@marc_smith,@gijnch
@marc_smith,@gijnru
@marc_smith,@kaplandave
@marc_smith,@kanarinka
@marc_smith,@gijnarabic
@gijn,@DagmedyaVeri
@gijn,@gijn
@StewartMcDonald,@Cable_mag
@dw_akademie,@DeutscheWelle
@duc_qn,@gijn
@duc_qn,@swissinfo_en
@IndiaSpend,@instagram
@ICFJ,@ICFJKnight
@gijn,@baiedemorlaix
@gijn,@FFVoile
@gijn,@LBretagneVoile
@gijn,@gijn
@trbrtc,@amnesty
@trbrtc,@ICFJ
@amayyasi,@priceonomics
@aaja,@IRE_NICAR
@aaja,@AAJA
@palewire,@nytimes
@gijn,@EdjNet
@gijn,@Podcrto
@TWallack,@IRE_NICAR
@JPAL_SA,@JPAL_SA
@JPAL_SA,@IndiaSpend
@JPAL_SA,@JPAL_SA
@JPAL_SA,@IndiaSpend
@gijn,@jwyg
@gijn,@PublicDataLab
@gijn,@digitalmethods
@gijn,@TANTlab
@gijn,@densitydesign
@gijn,@medialab_ScPo
@gijn,@kingsdh
@gijn,@firstdraftnews
@gijnAfrica,@KaytDavies
@cbaxter1,@EPetenko
@gijn,@EdjNet
@rickeyrecricket,@ajarrodkimber
@chrondigger,@HoustonChron
@emilybell,@Cocteau
@emilybell,@columbiajourn
@jamesrbuk,@Effy_Yeomans
@wikimediauk,@NUJofficial
@wikimediauk,@Wikimedia
@wikimediauk,@Wikidata
@ICFJ,@ICFJKnight
@gijn,@DataKatrine
@gijn,@gijn
@knightfdn,@pilhofer
@GoogleTrends,@bb_liliana
@jaxdotcom,@MaryKelliPalka
@ICFJ,@ICFJKnight
@dziennikarz,@smatyszczak
@KirkDBorne,@BigDataGal
@Behrang,@BBCRadio4
@gijn,@OpenDataZurich
@gijn,@IPZuser
@gijn,@InVisionApp
@NAHJ,@James_Barragan
@ICFJ,@ICFJKnight
@JaneSuit,@cullotyeileen
@JaneSuit,@eugeniasiapera
@pfikac,@annieanyway
@IJNet,@ICFJKnight
@IJNet,@OCCRP
@ICFJ,@ICFJKnight
@AdamCommentism,@Grindr
@JeremyDuns,@kevinpmiller
@IJNet,@GENinnovate
@smfrogers,@jwyg
@smfrogers,@bb_liliana
@ICFJ,@ICFJKnight
@exavierpope,@paulkrugman
@justinhendrix,@rgoodlaw
@ICFJKnight,@ICFJKnight
@ICFJKnight,@OCCRP
@siddarthpaim,@kiranshaw
@siddarthpaim,@TVMohandasPai
@siddarthpaim,@Ram_Guha
@GENinnovate,@IRE_NICAR
@gijn,@paulbradshaw
@EJDionne,@lydiadepillis
@gijn,@KaytDavies
@gijn,@ddjournalism
@gijn,@GroomB
@gijn,@gijn
@ICFJ,@ICFJKnight
@ICFJ,@ICFJKnight
@IndiaSpend,@instagram
@IJNet,@abraji
@NCRP,@NCRP
@NCRP,@MapLight
@gijn,@RechtesLand
@wendi_c_thomas,@sisiwei
@wendi_c_thomas,@ProPublica
@googlenewslab,@bb_liliana
@Bahareh360,@gijn
@Bahareh360,@datajconf
@ICFJ,@ICFJKnight
@shanbow,@IRE_NICAR
@gijn,@Gapminder
@gijn,@gijn
@Tim_Dodson,@pewresearch
@IJNet,@GENinnovate
@jason_kint,@felixsalmon
@jason_kint,@Edelman
@jason_kint,@Davos
@gijn,@pinardag
@gijn,@datastories
@gijn,@gijn
@gijn,@StoryLabAcademy
@gijn,@AimLEGEND_
@gijn,@AimLEGEND_
@gijn,@qz
@ICFJ,@ICFJKnight
@small_media,@nanyjharon
@small_media,@NgeungaM
@ONA,@OpenCorporates
@Rich_Harris,@kevinouyang
@emilybell,@cocteau
@wblau,@smfrogers
@TahaYasseri,@EtemadOnline
@IJNet,@ICFJKnight
@IJNet,@OCCRP
@gijn,@ddjournalism
@gijn,@gijn
@neo4j,@ 
@gijn,@datastories
@gijn,@spepechen
@gijn,@piafaustino
@gijn,@pinardag
@gijn,@y_jus
@gijn,@Harry_Stevens
@gijn,@gijn
@ComuneRE,@ArpaER
@ONA,@datadotworld
@gijn,@grotophorst
@gijn,@CabreraAngel
@gijn,@gijn
@kleinmatic,@paulkiel
@kleinmatic,@HannahFresques
@kleinmatic,@jasongrotto
@danielwcooper,@Fruhlinger
@ICFJ,@ICFJKnight
@GENinnovate,@IRE_NICAR
@gijn,@journalistworks
@gijn,@ddjournalism
@gijn,@gijn
@annamasera,@mante
@annamasera,@MacchineVolanti
@annamasera,@FuturaTorino
@annamasera,@ale_cappai75
@annamasera,@catri_zia
@annamasera,@KonMori4
@smritikak,@sunandavashisht
@Tim_Dodson,@pewresearch
@ICFJ,@ICFJKnight
@gijn,@ddjournalism
@gijn,@Maid_Marianne
@gijn,@gijn
@IJNet,@GENinnovate
@chrismoranuk,@bwmiddlebrook
@chrismoranuk,@gregobr
@zacharylipton,@realDonaldTrump
@zacharylipton,@BarackObama
@gijn,@NocDewhurst
@gijn,@MrGeorgeClarke
@gijn,@DominicRaab
@gijn,@gijn
@GENinnovate,@geninnovate
@GENinnovate,@googlenewslab
@GENinnovate,@knightfdn
@hannahsbirch,@stuntbox
@ComuneRE,@ArpaER
@ICFJKnight,@ddjournalism
@ICFJKnight,@OCCRP
@gpaccardo,@BettinaFigl
@VoxEurop,@shansquared
@GibranAshraf,@corinne_podger
@GroundTruth,@IRE_NICAR
@GroundTruth,@cody_winchester
@infogram,@ddjournalism
@gijn,@KaytDavies
@chrondigger,@HoustonChron
@smfrogers,@MedillSchool
@AndrewPStreet,@PeterDutton_MP
@OKFN,@jwyg
@cthydng,@forestgregg
@gijn,@albertocairo
@gijn,@gijn
@JoePerticone,@Kyle_Feldscher
@gijnAfrica,@GENinnovate
@ICFJ,@ICFJKnight
@IndiaSpend,@instagram
@ICFJKnight,@ICFJKnight
@ICFJ,@ICFJKnight
@steverubel,@jason_kint
@steverubel,@felixsalmon
@steverubel,@Edelman
@steverubel,@Davos
@OwaisTohid,@Mahim_Maher
@davidottewell,@clairemilleruk
@martinstabe,@davidottewell
@nhacizade,@ebruilhn
@gijn,@tompacyk
@gijn,@flowingdata
@nhasive,@ 
@ICFJ,@ICFJKnight
@ICFJ,@ICFJKnight
@mtdukes,@AlexanderSpangh
@chrondigger,@HoustonChron
@chrondigger,@facebook
@ABC7Veronica,@FarrishKate
@ABC7Veronica,@Mitra_Z
@MissRyley,@chicagotribune
@MissRyley,@ProPublica
@MissRyley,@DerSPIEGEL
@MissRyley,@IRE_NICAR
@gijn,@lisacrost
@gijn,@eagereyes
@gijn,@gijn
@thewire_in,@thetribunechd
@OKFN,@jwyg
@IJNet,@EscolaDeDados
@IJNet,@EscolaDeDados
@IndiaSpend,@instagram
@gijn,@ryansholin
@gijn,@voxdotcom
@gijn,@alv9n
@gijn,@gijn
@ICFJ,@ICFJKnight
@martinstabe,@sharon000
@martinstabe,@XaBail
@martinstabe,@srfdata
@kumarmanish9,@MalharBarai
@kumarmanish9,@UIDAI
@kumarmanish9,@thetribunechd
@gijn,@univmiami
@gijn,@maartenzam
@gijn,@InVisionApp
@Bahareh360,@DataNewsLab
@ICIJorg,@csgallego
@JimSmall,@statepress
@Tim_Dodson,@cvilletomorrow
@Tim_Dodson,@pewresearch
@ONA,@KaytDavies
@small_media,@nanyjharon
@small_media,@NgeungaM
@gijn,@stephencredmond
@gijn,@NCIRL
@gijn,@tamaramunzner
@gijn,@visualisingdata
@gijn,@albertocairo
@gijn,@ColinWare
@ICFJ,@ICFJKnight
@morisy,@jpeebles
@FrancescaFionda,@discoursemedia
@mikejcorey,@googlenewslab
@neo4j,@ 
@gijn,@Reperiam
@gijn,@gijn
@TahaYasseri,@EtemadOnline
@NAHJ,@Brios7
@GENinnovate,@geninnovate
@GENinnovate,@googlenewslab
@GENinnovate,@knightfdn
@Daniele_Manca,@Corriere
@Daniele_Manca,@M_gabanelli
@smfrogers,@bb_liliana
@stekhn,@hristio
@neo4j,@ 
@ICFJ,@ICFJKnight
@Neil_Irwin,@RWhelanWSJ
@MollyHarbarger,@sambakall
@MollyHarbarger,@jfloum
@MollyHarbarger,@annamarum
@MartinBelam,@jamesrbuk
@iambhutia,@ceo_uidai
@iambhutia,@UIDAI
@IndiaSpend,@instagram
@gijn,@dmedialab
@gijn,@ddjournalism
@gijn,@gijn
@gijn,@StephanieJNeal
@gijn,@storybench
@dw_akademie,@DeutscheWelle
@anthonyjpesce,@maloym
@SStirling,@opennews
@gijn,@NUJ_LFB
@gijn,@ejcnet
@gijn,@journalismfest
@gijn,@gijn
@ICFJ,@ICFJKnight
@momiperalta,@Maid_Marianne
@momiperalta,@lndata
@MikeSielski,@billbarnwell
@MichelleRafter,@stlouisfed
@SunFoundation,@stateofopendata
@ptr_yeung,@thetimes
@SunFoundation,@EvaConstantaras
@SunFoundation,@stateofopendata
@gijn,@jcukier
@gijn,@Datawrapper
@Megan_Lucero,@bureaulocal
@mediatwit,@BettinaFigl
@bpopken,@NBCNews
@ICFJKnight,@ICFJKnight
@profcarroll,@jayrosen_nyu
@profcarroll,@cward1e
@profcarroll,@JuliaAngwin
@neo4j,@tb_tomaz
@neo4j,@ICIJorg
@ICFJ,@ICFJKnight
@gijn,@KaplanDave
@gijn,@MediaEu
@guilherme_amado,@MediaShiftOrg
@gijn,@minademjan
@insidepages,@Chartbeat
@gab_jacomella,@MarieSegger
@gijn,@lisacrost
@gijn,@zeitonline
@gijn,@kaibiermann
@gijn,@colorfuldata
@gijn,@AstridGeisler
@gijn,@flaviogortana
@GurmanBhatia,@htTweets
@GurmanBhatia,@livemint
@gijn,@SherlockpHolmes
@gijn,@nytimes
@gijn,@gijn
@gijn,@grssnbchr
@gijn,@rogerfederer
@gijn,@srfdata
@gijn,@swissinfo_de
@davidhiggerson,@petesherlock79
@ICFJ,@ICFJKnight
@gijn,@gijnAfrica
@ICFJKnight,@ICFJKnight
@tseymat,@oscarmarinmiro
@Taimaz,@julesbonnard
@GUPolitics,@goldsteinamy
@GUPolitics,@washingtonpost
@ICFJ,@ICFJKnight
@mayalau,@gaufre
@mayalau,@latimes
@ICFJ,@IJNET
@ICFJ,@samberkhead
@mattdrange,@eman_thedataman
@nvk,@CBC
@nvk,@tvo
@nvk,@spaikin
@gijnAfrica,@KaplanDave
@aallington,@stltoday
@ICFJ,@ICFJKnight
@IJNet,@ICFJKnight
@IJNet,@GENinnovate
@ICFJ,@ICFJKnight
@theRohitBansal,@e4mevents
@theRohitBansal,@ashishbhasin1
@theRohitBansal,@GVLNRAO
@theRohitBansal,@kg_suresh
@theRohitBansal,@harbeenarora
@theRohitBansal,@raghav_chadha
@theRohitBansal,@JhaSanjay
@theRohitBansal,@manogyaloiwal
@mathewi,@pnhoward
@ICFJ,@ICFJKnight
@mediatwit,@BettinaFigl
@albertocairo,@f_l_o_u_r_i_s_h
@gijn,@ProPublica
@jon_wertheim,@Penn
@ICFJ,@ICFJKnight
@ICFJ,@ICFJKnight
@GENinnovate,@TheEconomist
@Rich_Harris,@shoumikchow
@gijn,@morgenpost
@gijn,@dossier_
@gijn,@bureaulocal
@small_media,@nanyjharon
@small_media,@NgeungaM
@ICFJKnight,@ICFJKnight
@ICFJKnight,@OCCRP
@gijn,@oswaldmartin
@gijn,@tagesanzeiger
@IJNet,@ICFJKnight
@gijn,@leotanczt
@gijn,@ICIJorg
@gijn,@gijn
@mikejcorey,@MeghanHoyer
@mikejcorey,@angel_kastanis
@mikejcorey,@AP
@IJNet,@ICFJKnight
@ICFJ,@ICFJKnight
@ICFJ,@OCCRP
@NateSilver538,@EsotericCD
@gijn,@MidiaNINJA
@pressfreedom,@CJR
@MaxKennerly,@dave_judgment
@FrancescaFionda,@ProPublica
@gijn,@ddjournalism
@gijn,@EJNetwork
@gijn,@MattLWilliams
@gijn,@minademjan
@ICFJ,@ICFJKnight
@Cronkite_ASU,@knightfdn
@Cronkite_ASU,@sarahcnyt
@gijn,@pinardag
@gijn,@dataviz_catalog
@gijn,@SR_Visual_Info
@gijn,@lisacrost
@gijn,@Datawrapper
@ICFJ,@ICFJKnight
@ICFJ,@ICFJKnight
@gijn,@ICIJorg
@gijn,@gijn
@gijn,@gijnAfrica
@mediatwit,@KaytDavies
@MariannaBruschi,@smfrogers
@Tyska,@mgafni
@gijn,@jayvanbavel
@gijn,@UpshotNYT
@gijn,@gijn
@MatthewKauffman,@chendrie
@MatthewKauffman,@ByMarquitaBrown
@MatthewKauffman,@EdWriters
@IJNet,@GENinnovate
@GENinnovate,@TheDenNews
@gijn,@albertocairo
@GENinnovate,@geninnovate
@GENinnovate,@googlenewslab
@GENinnovate,@knightfdn
@sdp,@ConversationEDU
@sdp,@ConversationUS
@sdp,@ConversationUK
@gijn,@EuroPressPrize
@gijn,@ddjournalism
@gijn,@albertocairo
@gijn,@gijn
@gijn,@ddjtools
@gijn,@cllrsamwebster
@gijn,@SallyLongford
@gijn,@Transport_Nottm
@gijn,@MyNottingham
@gijn,@NCT_Buses
@rachelwalexande,@KateReports
@rachelwalexande,@dahliabazzaz
@rachelwalexande,@ryanpitts
@ICFJ,@ICFJKnight
@ICFJ,@ICFJKnight
@Mobute,@JStein_WaPo
@gijnAfrica,@IJNet
@gijnAfrica,@datasketch
@ucbsoj,@pickoffwhite
@ucbsoj,@KQEDnews
@ucbsoj,@SPJ_NorCal
@MediaRadar,@4As
@ICFJ,@ICFJKnight
@gijn,@NolanHaims
@gijn,@albertocairo
@gijn,@ProPublica
@gijn,@powerpoint
@gijn,@Moritz_Wichmann
@PlummerWilliam,@google
@ICFJ,@ICFJKnight
@gijn,@TLGMorlaix
@journalismfest,@BettinaFigl
@dancow,@albertocairo
@gijn,@stahlniel
@gijn,@dahilzen
@gijn,@gijn
@girishmallya,@PranavDixit
@ICFJ,@ICFJKnight
@enda,@hedi
@BerylLove,@pachecod
@BerylLove,@DylanByers
@bpopken,@denverpost
@ICFJKnight,@ICFJKnight
@ICFJ,@ICFJKnight
@kleinmatic,@perryjg
@IJNet,@datasketch
@profcarroll,@jayrosen_nyu
@profcarroll,@cward1e
@evanrail,@markbakerprague
@Cronkite_ASU,@knightfdn
@Cronkite_ASU,@sarahcnyt
@fel_caldwell,@DGPetrie
@fel_caldwell,@HacksHackersBNE
@dancow,@mrejfox
@dancow,@albertocairo
@BateFelix,@GaelleTjat
@BateFelix,@PR_Paul_Biya
@ZamTheWriter,@KimBhasin
@IJNet,@ICFJKnight
@WingsScotland,@PeterAdamSmith
@WingsScotland,@HumzaYousaf
@ICFJ,@ICFJKnight
@cijournalism,@rstudio
@ICFJ,@ICFJKnight
@MariannaBruschi,@risj_oxford
@gijn,@SaeedBaygi
@gijn,@ddjtools
@gijn,@gijn
@gijn,@odi_madrid
@danfagin,@billlascher
@MSPowerBI,@CurbedLA
@gijn,@puntofisso
@gijn,@Maid_Marianne
@gijn,@datentaeterin
@cijournalism,@caelainnbarr
@SilasAllen1,@Okladopey
@SilasAllen1,@DMSlipke
@SilasAllen1,@MegWingerter
@lenagroeger,@albertocairo
@ColinJamesTiser,@conradhackett
@IJNet,@sricchia
@IJNet,@arabdjn
@gijn,@KaplanDave
@RTDNA,@APStylebook
@theRohitBansal,@e4mevents
@theRohitBansal,@ashishbhasin1
@theRohitBansal,@GVLNRAO
@theRohitBansal,@kg_suresh
@theRohitBansal,@harbeenarora
@theRohitBansal,@raghav_chadha
@theRohitBansal,@JhaSanjay
@theRohitBansal,@manogyaloiwal
@gijn,@DagmedyaVeri
@gijn,@gijn
@ToTheVictor,@journtoolbox
@ICFJ,@ICFJKnight
@ICFJKnight,@ICFJKnight
@ICFJKnight,@OCCRP
@ICFJ,@ICFJKnight
@gijn,@BettinaFigl
@pressfreedom,@c_chisholm
@pressfreedom,@CPJAmericas
@KrisGillentine,@knightfdn
@bpopken,@firstdraftnews
@alexanderrusso,@JohnWoodrowCox
@alexanderrusso,@dataeditor
@gijn,@gijnAfrica
@ICFJKnight,@ICFJKnight
@ICFJKnight,@OCCRP
@ICFJ,@ICFJKnight
@ICFJ,@ICFJKnight
@sandhya__k,@myersjustinc
@sandhya__k,@mizzousundevil
@Megan_Lucero,@bettinafigl
@Megan_Lucero,@bureaulocal
@MoneyInPolitics,@davidsirota
@tressiemcphd,@Dr_JJ
@GoogleTrends,@f_l_o_u_r_i_s_h
@Megan_Lucero,@thetimes
@Megan_Lucero,@thesundaytimes
@asta_fish,@GirlMeetsCode
@davidottewell,@iff_or
@ICFJ,@ICFJKnight
@gijn,@gianninasegnini
@ICFJ,@ICFJKnight
@ICFJ,@OCCRP
@gijn,@JT_Muenchen
@gijn,@journocode
@gijn,@gijn
@ICFJ,@ICFJKnight
@ICFJ,@ICFJKnight
@neo4j,@tb_tomaz
@neo4j,@ICIJorg
@dancow,@bsnead4646
@dancow,@RVAwonk
@dancow,@saill
@dancow,@Ltla52
@dancow,@Newsweek
@IJNet,@GENinnovate
@paulkidd,@theage
@gijnAfrica,@gijnAfrica
@ByJohnFrank,@joebobhester
@ByJohnFrank,@UNCMJschool
@ByJohnFrank,@unc_matc
@gijn,@columbiajourn
@gijn,@csgallego
@gijn,@BrownInstitute
@gijn,@ICIJorg
@denmark98,@CurbedLA
@mediatwit,@SPJ
@JohnMuyskens,@christinezhang
@gijnAfrica,@flowingdata
@ICFJKnight,@ICFJKnight
@ICFJ,@ICFJKnight
@gijn,@ddjtools
@BerylLove,@NPRextra
@Cain,@tarajcarman
@Cain,@Fvjones
@Cain,@chadskelton
@katie_martin_fx,@ClaerB
@ICFJ,@ICFJKnight
@ICIJorg,@gijn
@MartinBelam,@guardiang2
@Jeremy_Childs,@vcstar
@MicahGrimes,@KalhanR
@paulkidd,@crgentle
@paulkidd,@theage
@gijn,@albertocairo
@gijn,@f_l_o_u_r_i_s_h
@gijn,@gijn
@gijn,@dataandme
@gijn,@flowingdata
@Megan_Lucero,@bureaulocal
@Megan_Lucero,@MediaShiftOrg
@gijn,@Data2X
@gijn,@ddjournalism
@gijn,@gijn
@lucatremolada,@24infodata
@lucatremolada,@dsUniMib
@ICFJKnight,@ICFJKnight
@bpopken,@neo4j
@IJNet,@GENinnovate
@Cronkite_ASU,@knightfdn
@Cronkite_ASU,@sarahcnyt
@pressfreedom,@c_chisholm
@pressfreedom,@CPJAmericas
@danfagin,@pfairley
@danfagin,@billlascher
@ron_fournier,@JimWarren55
@jayohday,@stltoday
@tylerkingkade,@nbcwashington
@neo4j,@tb_tomaz
@neo4j,@ICIJorg
@ElysseMorgan,@smh
@gijn,@stann2
@gijn,@gijn
@CPJAfrica,@jasonpatinkin
@CPJAfrica,@pressfreedom
@mediatwit,@BettinaFigl
@gijn,@mediatwit
@gijn,@juliustroeger
@gijn,@morgenpost
@gijn,@BettinaFigl
@gijn,@Megan_Lucero
@gijn,@bureaulocal
@gijn,@nicnewman
@IJNet,@ICFJKnight
@MaeveMCC,@bureaulocal
@mjbeckel,@IRE_NICAR
@CBCFletch,@MeaghanJanette
@CBCFletch,@saitjournalism
@APStylebook,@tthibo
@DavidSRudin,@thaumatropia
@DavidSRudin,@davisjsn
@gijnAfrica,@ddjtools
@carsten_erdmann,@morgenpost
@rjcc,@conor64
@gijn,@simongerman600
@gijn,@FT
@gijn,@martinstabe
@gijn,@gijn
@gpaccardo,@EdjNet
@gpaccardo,@EBU_HQ
@MikeLindblom,@KromanDavid
@MikeLindblom,@jsido
@gijn,@flowingdata
@FrancescaFionda,@ProPublica
@AdamCommentism,@TheEconomist
@ICFJ,@ICFJKnight
@IJNet,@samberkhead
@APStylebook,@tthibo
@kamal_hothi,@tippy_top
@ICFJ,@ICFJKnight
@gijn,@micahcohen
@GI_TOC,@matteomaillard
@dancow,@albertocairo
@dorothydaf,@Code4Africa
@dorothydaf,@HacksHackers
@dorothydaf,@StoryLabAcademy
@saikatd,@Abhishek_Rai
@riotta,@CatchyBigData
@AdamCommentism,@MarieSegger
@AdamCommentism,@TheEconomist
@WilliamsJon,@NIA_India
@gijn,@JSKstanford
@gijn,@barbaramaseda
@gijn,@gijn
@APStylebook,@tthibo
@gijn,@minademjan
@ICIJorg,@gijn
@gijn,@zeitonline
@gijnAfrica,@ddjtools
@TechMoran,@google
@melaniesill,@reveal
@jwyg,@LeedsUniMedia
@jczamora,@albertocairo
@jczamora,@asincopado
@jczamora,@Mariano_Zafra
@jczamora,@UniGraficos
@gijn,@ddjournalism
@gijn,@MaryJoWebster
@gijn,@jersey_janet
@gijn,@perryjg
@mediatwit,@KaytDavies
@GoogleTrends,@f_l_o_u_r_i_s_h
@GoogleTrends,@pitchinc
@cijournalism,@GoldsmithsUoL
@cijournalism,@GoldsmithsMADJ
@cijournalism,@MediaComGold
@cijournalism,@StudentsAtGold
@IndiaSpend,@LandConflicts
@kvox,@smfrogers
@kvox,@googlenewslab
@RogerPielkeJr,@FiveThirtyEight
@gijn,@TheEconomist
@gijn,@JamesFransham
@gijn,@arynbraun
@nadjascholz,@DeutscheWelle
@petstarr,@abcnews
@Bahareh360,@ucddublin
@paulbrislen,@MattNippert
@gijn,@puntofisso
@gijn,@paulbradshaw
@gijn,@gijn
@PatrickCrewdson,@TheEconomist
@PatrickCrewdson,@TheEconomist
@Journo_Christal,@justingeorge
@AdamCommentism,@JamesFransham
@AdamCommentism,@arynbraun
@AdamCommentism,@TheEconomist
@ClareMalone,@NoreenMalone
@ClareMalone,@micahcohen
@jonsteingart,@BGOV
@cate_long,@TomBossert45
@cate_long,@FEMA_Brock
@cate_long,@cpipr
@gijn,@duc_qn
@gijn,@duc_qn
@gijn,@swissinfo_en
@DataDhrumil,@elitetruong
@DataDhrumil,@nextstepspod
@albertocairo,@macloo
@marshall_allen,@ProPublica
@Bahareh360,@ucddublin
@alpert,@mikafrak
@alpert,@wamu885news
@SPIEGELONLINE,@EdjNet
@gijn,@univmiami
@OKFN,@SchoolOfData
@emilybell,@alexismadrigal
@emilybell,@BenedictEvans
@ONA,@baltimoresun
@jashkenas,@nytgraphics
@andreabettini,@googlenewslab
@Authentic8,@evanderburg
@gijn,@fdelledonne
@gijn,@gijn
@cijournalism,@GoldsmithsUoL
@Bahareh360,@AnnieM11
@Global_Witness,@OCCRP
@Global_Witness,@guardiandata
@Global_Witness,@ICIJorg
@gijn,@FastCoDesign
@palewire,@cacivicdata
@gijn,@YuriEngelhardt
@gijn,@FastCoDesign
@gijn,@jeppem
@gijn,@ferdiocom
@cate_long,@DavidBegnaud
@cate_long,@DawnGiel
@cate_long,@cpipr
@gijn,@AftertheFloodco
@gijn,@paulbradshaw
@infogram,@paulbradshaw
@gijn,@jwyg
@gijn,@bb_liliana
@gijn,@ejcnet
@gijn,@gijn
@momiperalta,@smfrogers
@momiperalta,@LNdata
@Ashley_J_Kirk,@xocasgv
@gijn,@RachelStewart04
@gijn,@BenWernerKnight
@gijn,@giannagruen
@gijn,@dwnews
@dw_innovation,@evopez
@dw_innovation,@giannagruen
@dw_innovation,@gijn
@chrisdc77,@stephaniemlee
@W7VOA,@USATODAY
@jwyg,@kleinmatic
@rachelnixon,@discoursemedia
@rachelnixon,@caitlinhavlak
@gijn,@zeitonline
@AlanLevinovitz,@jayrosen_nyu
@LisaARossi,@AllenVaughanDMR
@LisaARossi,@Stanford
@gijnAfrica,@Paul
@christianna_j,@MelinaDelkic
@christianna_j,@PulitzerPrize
@small_media,@yanoak
@dancow,@BuzzFeedNews
@OKFN,@SchoolOfData
@albertocairo,@KrisKobach1787
@GENinnovate,@googlenewslab
@GENinnovate,@smfrogers
@cijournalism,@GoldsmithsUoL
@cijournalism,@GoldsmithsUoL
@cijournalism,@GoldAlumni
@nikkiusher,@katy_boss
@gijn,@arabdjn
@gijn,@aeleraqi
@RonanPrice,@smfrogers
@TBIJ,@ProPublica
@KirkDBorne,@TT_Nicole
@neeleshmisra,@aajtak
@neeleshmisra,@ppbajpai
@neeleshmisra,@supriyapd
@Agenzia_Italia,@AndreaDovizioso
@robinlevinson,@tylerrdawson
@kristoncapps,@dcpolicycenter
@dancow,@fvjones
@dancow,@mckiedavid
@enda,@hedi
@rortybomb,@mattyglesias
@michellemanafy,@smfrogers
@michellemanafy,@google
@jschwabish,@smfrogers
@jschwabish,@daniellebowers_
@YRDeshmukh,@RifatJawaid
@philipdisalvo,@Rupsha14
@gijn,@venohr
@MDI_UK,@milena_iul
@IndiaSpend,@LandConflicts
@cijournalism,@GoldsmithsUoL
@cijournalism,@CrinaBoros
@cijournalism,@CrinaBoros
@JakeLFischer,@BenGolliver
@JakeLFischer,@RobMahoney
@griner,@katgordon
@griner,@LaurenJohnson
@griner,@PatrickCoffee
@griner,@nudd
@IndiaSpend,@LandConflicts
@shanbow,@UNCMJschool
@shanbow,@reesenewslab
@shanbow,@rtburg
@vxflores,@davidsirota
@vxflores,@alexkotch
@smfrogers,@ReliableSources
@Agenzia_Italia,@elisabetta_tola
@Bahareh360,@googlenewslab
@Bahareh360,@thackdaypt
@frontlineclub,@CrinaBoros
@frontlineclub,@cijournalism
@scheufele,@pewjournalism
@MattSaccaro,@BloodyElbow
@dancow,@DataDhrumil
@dancow,@fivethirtyeight
@Bahareh360,@ucddublin
@EmmaVigeland,@CNN
@DrewLinzer,@d_spiegel
@EngnRoom,@jwyg
@gijn,@ejcnet
@gijn,@googlenewslab
@MattSaccaro,@voxmediainc
@MattSaccaro,@BloodyElbow
@Bhekisisa_MG,@ygpillay
@jwyg,@kleinmatic
@marilink,@smfrogers
@isasun,@smfrogers
@emayfarris,@NALEO
@rossdawson,@pewresearch
@marshall_allen,@ProPublica
@jacopopaoletti,@giulirocko
@jacopopaoletti,@Agenzia_Italia
@jacopopaoletti,@UNESCO
@adelgado,@googlenewslab
@gijn,@br_data
@gijn,@gijn
@mediatwit,@StanfordJourn
@mediatwit,@cephillips
@jwyg,@weareanagram
@gijn,@tagesspiegel
@webjournalist,@LenaGroeger
@webjournalist,@ProPublica
@madversity,@SunainaMalani
@cijournalism,@CrinaBoros
@mtdukes,@Duke_DeWitt
@mtdukes,@jeremybowers
@nikkiusher,@Juan_Larrosa1
@nikkiusher,@OWHnews
@lenagroeger,@rothsara
@ONAAustralia,@Anita_Jacoby
@ONAAustralia,@richardgingras
@freedarko,@ESPNPublicEd
@carlmalamud,@OCCRP
@IJNet,@abraji
@FreeBeacon,@VictorinoMatus
@albertocairo,@ssaintleger
@albertocairo,@paulbradshaw
@mberzosa,@paulbradshaw
@dancohen,@ 
@brodiegal,@AfricaCheck
@raju,@TheEconomist
@jimtankersley,@CarlBialik
@jimtankersley,@bencasselman
@Agenzia_Italia,@EconBizFin
@HoopPlusTheHarm,@DrLwyrIndnChf
@Bahareh360,@thackdaypt
@shiratarlo,@BuzzFeed
@cijournalism,@GoldsmithsUoL
@cijournalism,@GoldsmithsMADJ
@cijournalism,@MediaComGold
@cijournalism,@StudentsAtGold
@konstantinosant,@paulbradshaw
@palewire,@cacivicdata
@jason_kint,@pressgazette
@gijn,@CorrieDavidson
@gijn,@smfrogers
@gijn,@jschwabish
@gijn,@gijn
@ONA,@TB_Times
@DCNorg,@smfrogers
@DCNorg,@google
@gijn,@_deardata
@gijn,@PAPress
@gijn,@giorgialupi
@gijn,@stefpos
@gijn,@gijn
@gijn,@paulbradshaw
@gijn,@SophieWarnes
@gijn,@jsvine
@gijn,@puntofisso
@gijn,@digidickinson
@EngnRoom,@Code4Africa
@EngnRoom,@FinancialMail
@nikkiusher,@AmPress
@timdevaney,@MissRyley
@tmcook23,@googlenewslab
@charlesminshew,@DJNF
@charlesminshew,@DenverPost
@gijn,@paul1kirby
@gijn,@gijn
@jayohday,@GilbertBailon
@jarshadnk,@mint
@mjmartinez,@google
@libdenk,@rebeccaplevin
@gijn,@ddjournalism
@palewire,@cacivicdata
@ABSStats,@GuardianAus
@ABSStats,@GrogsGamut
@CraigWinneker,@Gingerhervey
@CraigWinneker,@POLITICOEurope
@neeleshmisra,@ayushmannk
@neeleshmisra,@aanandlrai
@ICFJ,@ICFJKnight
@ICFJ,@Code4Africa
@philipdisalvo,@Rupsha14
@Riogringa,@g1
@Riogringa,@nevusp
@Riogringa,@forumseguranca
@Bahareh360,@anastasiajourno
@jamesrbuk,@Ed_Miliband
@MatthewPhillips,@dancow
@MatthewPhillips,@FiveThirtyEight
@EngnRoom,@googlenewslab
@EngnRoom,@smfrogers
@EngnRoom,@jschwabish
@albertocairo,@paulbradshaw
@mattwaite,@dataeditor
@mattwaite,@Fahrenthold
@Bhekisisa_MG,@ygpillay
@dqandrade,@jppereira0
@charlesubaghs,@chrismoranuk
@walkleys,@HacksHackersBNE
@walkleys,@irenejayliu
@AfricaCheck,@Kzalan
@AfricaCheck,@AfricaCheck
@pulitzercenter,@gufalei
@AnnaEHiggs,@puddingviz
@Agenzia_Italia,@elisabetta_tola
@carla_astudi,@SRCCON
@carla_astudi,@SStirling
@carla_astudi,@EPetenko
@_arianna,@chrismoranuk
@freeCodeCamp,@minademjan
@HerbScribner,@chrismoranuk
@albertocairo,@gianninasegnini
@GlennThrush,@pbump
@jeremyjojola,@13_Patriots
@jeremyjojola,@kare11
@jeremyjojola,@janashortal
@boakyecitifm,@rachelmsavage
@boakyecitifm,@iwatchafrica
@chrismoranuk,@HannahPoferl
@chrismoranuk,@FranklinFoer
@mekosoff,@AlexJamesFitz
@Bhekisisa_MG,@ygpillay
@albertocairo,@INFOVIS_
@JeffFischel,@mattyports
@mukhtaryare,@columbiajourn
@mukhtaryare,@ledeprog
@dangillmor,@buzzfeed
@abraji,@oscar_parrac
@abraji,@ctrlx
@palewire,@cacivicdata
@ebonybowden,@CraigDButt
@GHS,@IndiaSpend
@GHS,@samar11
@mathewi,@chrismoranuk
@fcoel,@momiperalta
@fcoel,@LNdata
@small_media,@yanoak
@albertocairo,@paulbradshaw
@albertocairo,@datassist
@albertocairo,@utknightcenter
@davidhiggerson,@chrismoranuk
@spetulla,@gqjudy
@IJNet,@Internews
@IJNet,@SchoolOfData
@IJNet,@utknightcenter
@Agenzia_Italia,@elisabetta_tola
@_jeffguo,@JHWeissmann
@alemannoEU,@VoxEurop
@googlenewslab,@pewresearch
@Soumyadipta,@sarahsalvadore
@jamespilcher,@dataeditor
@jamespilcher,@UKJAMschool
@palewire,@Medianalisis
@palewire,@paulbradshaw
@Bhekisisa_MG,@ygpillay
@IJNet,@voltdatalab
@GriddleOctopus,@Medium
@kavyaSukumar,@opennews
@walkleys,@HacksHackersBNE
@walkleys,@irenejayliu
@ermbates,@acfick72
@NewsLambert,@KimBhasin
@zalmayzia,@omar_quraishi
@gijn,@az_sum
@gijn,@gijn
@mtdukes,@gotoplanb
@mtdukes,@alexislloyd
@mat,@paldhous
@Mwirigi,@chrismoranuk
@anthonyjpesce,@garveymcvg
@anthonyjpesce,@latimes
@espressonline,@davidemancino1
@kaytazog,@chrismoranuk
@kasiakovacs,@dataeditor
@Bhekisisa_MG,@ygpillay
@b_obermayer,@columbiajourn
@b_obermayer,@SheilaCoronel
@b_obermayer,@gianninasegnini
@thetowncrier,@Columbia
@DagensNyheterMJ,@chrismoranuk
@sarahslo,@mlcalderone
@JerryVermanen,@hayify
@JerryVermanen,@lottebelice
@JerryVermanen,@vanderwauw
@JerryVermanen,@jonas_moons
@JerryVermanen,@dutchdatadesign
@JerryVermanen,@vvoj
@bleongcw,@chrismoranuk
@walkleys,@irenejayliu
@pontsho_pilane,@PorcelinaD
@szadkowski_m,@chrismoranuk
@franmcnulty,@TheAtlantic
@dbrauer,@unstadj
@ebboyd,@cephillips
@Biodunpen,@CodeForAfrica
@Biodunpen,@enkayfreda
@pulitzercenter,@gufalei
@pulitzercenter,@TRF_Media
@pulitzercenter,@ICFJKnight
@jonathanchait,@pbump
@jonathanchait,@GlennThrush
@gfelitti,@cjr
@DCNorg,@chrismoranuk
@buileshuibhne,@HichamYezza
@Agenzia_Italia,@elisabetta_tola
@Bahareh360,@UCD_iSchool
@greg_jenner,@BuzzFeed
@MonikaBauerlein,@FranklinFoer
@MonikaBauerlein,@ClaraJeffery
@MonikaBauerlein,@chrismoranuk
@rmc031,@Econ_Marshall
@JeffFischel,@mattyports
@JeffFischel,@DavidHaleESPN
@AdamCommentism,@chrismoranuk
@miss_mcinerney,@nickhassey
@GingerGorman,@journalismtips
@Bhekisisa_MG,@ygpillay
@charlesminshew,@IRE_NICAR
@natsfert,@cunyjschool
@jeffjarvis,@cunyjschool
@mikederismith,@Jburnmurdoch
@FrancescaFionda,@discoursemedia
@mediagazer,@chrismoranuk
@jonkeegan,@columbiajourn
@FindingAda,@Paulrbowers
@FindingAda,@Silverstrange
@robleathern,@ev
@robleathern,@CaseyNewton
@robleathern,@sarthakgh
@robleathern,@TZhongg
@robleathern,@nikillinit
@robleathern,@karanortman
@robleathern,@joshelman
@robleathern,@Medium
@rachelwalexande,@sisiwei
@JaneEliz,@AmPress
@Bhekisisa_MG,@ygpillay
@borjaechevarria,@chrismoranuk
@daphneedenis,@chrismoranuk
@mukhtaryare,@columbiajourn
@alexandreafonso,@IPZuser
@alexandreafonso,@fgilardi
@orzelc,@kdrum
@sarahcnyt,@neoliberal_dad
@GurmanBhatia,@sidharth23196
@GurmanBhatia,@ACJIndia
@juruwolfe,@cunyjschool
@palewire,@cacivicdata
@jrosenbaum,@mujschool
@sbbaicker,@WayToGoPaul
@sbbaicker,@DenisGorman
@sbbaicker,@AdamZHerman
@sbbaicker,@PatrickMCausey
@sbbaicker,@Deadspin
@sbbaicker,@MedillSchool
@sbbaicker,@nickhirshon
@sbbaicker,@wpunj_edu
@sbbaicker,@SJUTorch
@Rich_Harris,@threepointone
@Rich_Harris,@notbrent
@Rich_Harris,@tjholowaychuk
@Rich_Harris,@mxstbr
@petepicton,@chrismoranuk
@PaulPage,@ryanbeckwith
@rachsyme,@erikhinton
@albertocairo,@datassist
@albertocairo,@utknightcenter
@davemistich,@IRE_NICAR
@MargotWilliams,@trevoraaronson
@MargotWilliams,@MoizSyed
@MargotWilliams,@ONA
@MargotWilliams,@UF
@Bahareh360,@cephillips
@albertocairo,@kennethfield
@Ed_Oldfield,@BuzzFeed
@walkleys,@irenejayliu
@gijn,@Bahareh360
@gijn,@gijn
@Rukmini,@simranbajaj2605
@Maghielse,@JMR2152
@kathryncasteel,@cunyjschool
@webjournalist,@brandontvnews
@palewire,@cephillips
@palewire,@eads
@palewire,@digitalamysw
@M_C_Klein,@WaltHickey
@aaja,@centroknightut
@gijn,@columbiajourn
@gijn,@Poynter
@JaspJackson,@sallyhayd
@tarajcarman,@StackOverflow
@carla_astudi,@emmacarew
@carla_astudi,@juliachanb
@Rukmini,@simranbajaj2605
@albertocairo,@quadrigram
@Bhekisisa_MG,@ygpillay
@OKFN,@SchoolOfData
@ebonybowden,@CraigDButt
@mtdukes,@jeremybowers
@Oriana0214,@miamiuniversity
@adambanksdotcom,@neil_neilzone
@elongreen,@karenkho
@robroc,@santiagosalcido
@mediatwit,@StanfordJourn
@mediatwit,@cephillips
@malito_ali,@cunyjschool
@SashaK,@CindyRoyal
@Danict89,@adders
@Danict89,@jonhew
@Danict89,@glynmottershead
@Danict89,@MirandaMJourno
@walkleys,@AineKerr
@davidhiggerson,@LancscricketMEN
@davidhiggerson,@davidottewell
@davidhiggerson,@clairemiller
@DataCamp,@willems_karlijn
@malcolmcoles,@chrismoranuk
@infogram,@CJR
@BySteveReilly,@IRE_NICAR
@samfeys,@timverheyden
@samfeys,@FranklinFoer
@sarahcnyt,@mizzousundevil
@sarahcnyt,@shawnmcintosh
@sarahcnyt,@cliffordlevy
@sarahcnyt,@Barbara_Vobejda
@JordynJournals,@Bloomberg
@JordynJournals,@WSJ
@JordynJournals,@Reuters
@amyoleary,@chrismoranuk
@dataeditor,@jamespilcher
@dataeditor,@UKJAMschool
@SpencerHowson,@brisbanetimes
@NickMitchell,@chrismoranuk
@JerryVermanen,@hayify
@JerryVermanen,@lottebelice
@JerryVermanen,@vanderwauw
@JerryVermanen,@jonas_moons
@JerryVermanen,@dutchdatadesign
@IJNet,@abraji
@anandkatakam,@chrismoranuk
@stjbs,@Columbia
@earleyedition,@chrismoranuk
@cijournalism,@stonepeople
@mediatwit,@StanfordJourn
@mediatwit,@cephillips
@mediatwit,@aejmc
@DohaMadani,@Poynter
@DohaMadani,@cunyjschool
@OKFN,@SchoolOfData
@DCNorg,@chrismoranuk
@mattwaite,@dataeditor
@mattwaite,@palewire
@mattwaite,@Fahrenthold
@cijournalism,@j_la28
@Agenzia_Italia,@elisabetta_tola
@Connected_dev,@theReboot
@francescocosta,@you_trend
@emilybell,@NewRepublic
@emilybell,@chrismoranuk
@small_media,@yanoak
@NewsLambert,@KimBhasin
@Soumyadipta,@sarahsalvadore
@charlesminshew,@mWilstory
@charlesminshew,@nytimes
@charlesminshew,@OrlandoSentinel
@charlesminshew,@FiveThirtyEight
@charlesminshew,@nytimes
@mediatwit,@columbiajourn
@mediatwit,@MedillSchool
@mediatwit,@cephillips
@mediatwit,@ona
@mediatwit,@collegetalk
@mediatwit,@IRE_NICAR
@mediatwit,@lynda
@mediatwit,@cody_winchester
@lainnafader,@chrismoranuk
@Nat_Whiting,@timmyfish
@Nat_Whiting,@walkleys
@IJNet,@Internews
@IJNet,@SchoolOfData
@IJNet,@utknightcenter
@CraigDButt,@Gaetano_Prestia
@small_media,@yanoak
@cijournalism,@HelenaBengtsson
@small_media,@yanoak
@muckrack,@moneyries
@dariasolo,@columbiajourn
@gijn,@ejcnet
@gijn,@googlenewslab
@gijn,@PublicDataLab
@MariannaBruschi,@messveneto
@AaronMehta,@IRE_NICAR
@jiejennyzou,@Publici
@jiejennyzou,@lateshiabeachum
@Porter_Anderson,@columbiajourn
@Porter_Anderson,@BenMullin
@Agenzia_Italia,@you_trend
@MichaelRStrain,@dougwebberecon
@mberzosa,@chrismoranuk
@chrismoranuk,@IanMartin
@marinafang,@PittsburghPG
@OCCRP,@Google
@spj_tweets,@cunyjschool
@AlexJamesFitz,@mekosoff
@katiekings,@DLeonhardt
@walkleys,@HacksHackersBNE
@walkleys,@irenejayliu
@gijn,@grssnbchr
@gijn,@gijn
@mediatwit,@StanfordJourn
@mediatwit,@cephillips
@mediatwit,@aejmc
@gijn,@columbiajourn
@daily_trust,@CodeForAfrica
@daily_trust,@enkayfreda
@aegallagher,@cephillips
@SpencerHowson,@brisbanetimes
@Bhekisisa_MG,@ygpillay
@mattwaite,@thejqs
@mattwaite,@ChadSDay
@ricpuglisi,@Ildiserbante
@ricpuglisi,@odglombardia
@ricpuglisi,@odglazio
@IndexCensorship,@ECPMF
@henkvaness,@HillevanderKaa
@mtdukes,@AzmatZahra
@mtdukes,@Anand_Gopal_
@cijournalism,@GoldsmithsUoL
@ICFJ,@ICFJKnight
@art2gee,@LauraJGrant
@art2gee,@AlastairOtter
@hangingnoodles,@bigthink
@euobs,@EdjNet
@knightfdn,@columbiajourn
@knightfdn,@gianninasegnini
@annamasera,@mante
@annamasera,@MacchineVolanti
@annamasera,@FuturaTorino
@journalismfest,@smfrogers
@ICFJ,@ICFJKnight
@mtdukes,@AB_Karin
@cijournalism,@CrinaBoros
@cijournalism,@GoldsmithsUoL
@davidhiggerson,@davidottewell
@davidhiggerson,@NiemanLab
@davidhiggerson,@clairemilleruk
@jwyg,@anastasiajourno
@shannoncoulter,@NorahMackenzie
@gijn,@venohr
@gijn,@gijn
@tanveerali,@DNAinfoCHI
@tanveerali,@stoomey
@tanveerali,@jensabella
@tanveerali,@nicolebode
@tanveerali,@JohnNess
@GENinnovate,@geninnovate
@GENinnovate,@googlenewslab
@GENinnovate,@knightfdn
@GENinnovate,@geninnovate
@GENinnovate,@googlenewslab
@GENinnovate,@knightfdn
@boakyecitifm,@brodiegal
@TorraineWalker,@DrTJC
@TorraineWalker,@DecolonialBlack
@TorraineWalker,@KingMike33
@BorjaDiazMerry,@journalismfund
@gijn,@gianninasegnini
@gijn,@Socialfave
@gijn,@JacBurns_Comext
@gijn,@jblefevre60
@gijn,@Fisher85M
@gijn,@sallyeaves
@gijn,@SabeloMario
@gijn,@MikeQuindazzi
@gijn,@sebbourguignon
@zubakskees,@JoeYerardi
@BethSkw,@DisabledWriters
@BethSkw,@WritersofColor
@BethSkw,@LaPlumaYLaTinta
@jason_kint,@jeffjarvis
@davidottewell,@davidhiggerson
@davidottewell,@NiemanLab
@davidottewell,@clairemilleruk
@hinschauer,@Google
@hinschauer,@YouTube
@ICIJorg,@cabralens
@annamasera,@raphael_zanotti
@annamasera,@LaStampa
@annamasera,@nexacenter
@Rosental,@utknightcenter
@PKashwan,@vrsrini
@PKashwan,@the_hindu
@mattwaite,@mikejcorey
@infogram,@IJNet
@gijnAfrica,@Gijn
@jason_kint,@jeffjarvis
@gijn,@tweetbaack
@gijn,@venohr
@gijn,@ChElm
@gijn,@Remrow
@gijn,@sjockers
@gijn,@mySociety
@gijn,@gijn
@zerotoledo,@albertocairo
@palewire,@cephillips
@gijn,@IrrawaddyNews
@gijn,@IrrawaddyNews
@gijn,@moemyint_aung
@gijn,@gijn
@albertocairo,@Fahrenthold
@albertocairo,@jayrosen_nyu
@AJVicens,@szegedym
@AJVicens,@ClaraJeffery
@AJVicens,@MonikaBauerlein
@AJVicens,@moatman
@BBC_News_Labs,@SummaEu
@GENinnovate,@geninnovate
@GENinnovate,@googlenewslab
@GENinnovate,@knightfdn
@TheHRH,@washingtonpost
@AndrewStuart,@davidottewell
@jacopopaoletti,@elisabetta_tola
@jacopopaoletti,@agenzia_italia
@jacopopaoletti,@MiurSocial
@jacopopaoletti,@RiccardoLuna
@benbwieder,@Publici
@jammastergirish,@VenezuelaEcon
@jammastergirish,@ddjournalism
@davidhiggerson,@NiemanLab
@BreakenridgeYEG,@Graham_Journal
@BreakenridgeYEG,@EmmaLGraney
@alexkeysjackson,@FT
@alexkeysjackson,@FTAlphaville
@dancow,@MacRumors
@Megan_Lucero,@WritersofColour
@Megan_Lucero,@aasmaday
@MichelleRafter,@Racked
@JanHollitzer,@Taboola_DACH
@JanHollitzer,@taboola
@cijournalism,@GoldsmithsUoL
@cijournalism,@GoldsmithsUoL
@jabberingjourno,@UCLan
@jabberingjourno,@leponline
@christinespolar,@FredSchulte
@christinespolar,@eklucas
@christinespolar,@Newshour
@christinespolar,@business
@alv9n,@CJR
@alv9n,@JournoJoshua
@WitsVuvuzela,@wford27
@WitsVuvuzela,@gijnAfrica
@WitsVuvuzela,@invstg8net
@cijournalism,@GoldsmithsUoL
@TWallack,@IRE_NICAR
@ryanngro,@propubnerds
@nannussbaum,@AP
@cijournalism,@CrinaBoros
@cijournalism,@GoldsmithsUoL
@IJNet,@sricchia
@IJNet,@googlenewslab
@IJNet,@policyviz
@f_obermaier,@gianninasegnini
@wstorr,@guardianclasses
@cicelydyson,@NABJ_MU
@michelleminkoff,@AP
@davidottewell,@davidhiggerson
@davidottewell,@NiemanLab
@davidottewell,@clairemilleruk
@eyemagazine,@ 
@TBIJ,@paulbradshaw
@OCCRP,@ICFJKnight
@cunyjschool,@crowdtangle
@SimoneStolzoff,@kevin2kelly
@david_andreatta,@FiveThirtyEight
@rachelwalexande,@sdoig
@gijn,@damianradcliffe
@gijn,@journalismnews
@cijournalism,@CrinaBoros
@cijournalism,@GoldsmithsUoL
@cijournalism,@GoldsmithsUoL
@JonnElledge,@election_data
@allafrica,@BloombergDotOrg
@JesseBenn,@keegankyle
@knightfdn,@pilhofer
@EU_opendata,@unigraphrocks
@EU_opendata,@EULawDataPubs
@EU_opendata,@CORDIS_EU
@FreedomofPress,@ACLU
@ptr_yeung,@cityjournalism
@ptr_yeung,@bbclysedoucet
@ICFJKnight,@ICFJKnight
@IJNet,@EscolaDeDados
@sdp,@willperrin
@sdp,@damianradcliffe
@dancow,@kleinmatic
@Bahareh360,@srfdata
@wwwstargr,@adiako
@anirvan,@dailycal
@small_media,@nanyjharon
@small_media,@NgeungaM
@AJIIndonesia,@suwarjono
@caitlinmurr,@nytimes
@knightfdn,@pilhofer
@DorisTruong,@FundFIJ
@Megan_Lucero,@bureaulocal
@TejaAdams,@manager_magazin
@stephenexley,@JBelgutay
@stephenexley,@teshelen
@knightfdn,@SallyBuzbee
@tanveerali,@DNAinfoCHI
@tanveerali,@stoomey
@tanveerali,@jensabella
@tanveerali,@nicolebode
@tanveerali,@JohnNess
@jwyg,@GitHub
@mediatwit,@Acosta
@mediatwit,@SabrinaSiddiqui
@mediatwit,@BazziNYU
@almasmeherally,@sdoig
@MacAree,@SooOh
@AJIIndonesia,@aji
@miamalan,@vandykjoan
@Megan_Lucero,@WritersofColour
@Megan_Lucero,@AasmaDay
@Megan_Lucero,@AasmaDay
@gijn,@MagnusRevang
@mediatwit,@Acosta
@mediatwit,@SabrinaSiddiqui
@mediatwit,@BazziNYU
@DLind,@alv9n
@ICFJ,@ICFJKnight
@cijournalism,@GoldsmithsUoL
@palewire,@cacivicdata
@BBC_News_Labs,@SummaEu
@derekwillis,@MacAree
@derekwillis,@SooOh
@Megan_Lucero,@rachelhamada
@Megan_Lucero,@WritersofColour
@kainazamaria,@Eads
@cijournalism,@GoldsmithsUoL
@NewhouseSU,@MeghanHoyer
@NewhouseSU,@poverberg
@NewhouseSU,@DataDhrumil
@jammastergirish,@VenezuelaEcon
@jammastergirish,@ddjournalism
@CJR,@alv9n
@small_media,@nanyjharon
@small_media,@NgeungaM
@voxmediainc,@voxdotcom
@voxmediainc,@alv9n
@gijn,@Datawrapper
@gijn,@lisacrost
@gijn,@lisacrost
@gijn,@gijn
@valerie_ouellet,@swaindiana
@ICFJ,@ICFJKnight
@cijournalism,@GoldsmithsUoL
@gijn,@diplomacydata
@gijn,@fedfragapane
@ProfTimBale,@sarahoconnor_
@ProfTimBale,@FT
@ptr_yeung,@AllisonSchrager
@brigidbergin,@WNYC
@cijournalism,@GoldsmithsUoL
@katielannan,@BradyCarlson
@cijournalism,@GoldsmithsUoL
@davidottewell,@davidhiggerson
@davidottewell,@NiemanLab
@davidottewell,@clairemilleruk
@konstantinosant,@smfrogers
@LLopezGonzalez,@Bhekisisa_MG
@LLopezGonzalez,@vandykjoan
@katielannan,@BradyCarlson
@FrancescaFionda,@neeeda
@pedroelrey,@fedfragapane
@pedroelrey,@piaaaac
@anirvan,@DailyCal
@anirvan,@NextBus
@henkvaness,@ADnl
@henkvaness,@campuspersgroep
@JeffSharlet,@nberlat
@rachelwalexande,@SStirling
@msexcel,@saniaaziz12
@gijn,@MSPowerBI
@gijn,@Recode
@gijn,@BillGates
@LeonLidigu,@kevespresso
@abalcerzak,@Publici
@Bahareh360,@srfdata
@IndexCensorship,@ECPMF
@BenTM1973,@PA
@ICFJ,@ICFJKnight
@davidhiggerson,@NiemanLab
@davidhiggerson,@davidottewell
@annamasera,@massimo_russo
@annamasera,@FuturaTorino
@cijournalism,@GoldsmithsUoL
@kim,@JulianAssange
@kim,@wikileaks
@rlove,@Google
@cijournalism,@CrinaBoros
@cijournalism,@GoldsmithsUoL
@ICFJ,@ICFJKnight
@IrrawaddyNews,@gijn
@GENinnovate,@ultracasual
@GENinnovate,@mccarthy_ciara
@ONAConf,@dataeditor
@davidhiggerson,@NiemanLab
@davidhiggerson,@davidottewell
@davidhiggerson,@clairemilleruk
@simonw,@jeremybowers
@lizardlodge,@brookecain
@lizardlodge,@NewYorker
@gijn,@fedfragapane
@gijn,@piaaaac
@gijn,@lisacrost
@AJIIndonesia,@suwarjono
@Bahareh360,@smfrogers
@almasmeherally,@OuthitRecord
@almasmeherally,@sdoig
@WilliamMatt22,@stephenproctor
@WilliamMatt22,@michaelgungor
@milapgh,@MonaChalabi
@GovernanceRw,@Wangethim
@MigObs,@williamlallen
@cijournalism,@GoldsmithsUoL
@GeorgeGarties,@AP
@Megan_Lucero,@bureaulocal
@WitsVuvuzela,@wford27
@WitsVuvuzela,@gijnAfrica
@WitsVuvuzela,@invstg8net
@albertocairo,@tillnm
@ICFJ,@ICFJKnight
@soljourno,@genebalk
@soljourno,@seattletimes
@jzipple,@TheAnchoress
@MatinaStevis,@sarahoconnor_
@momiperalta,@coimpactcollab
@momiperalta,@LNdata
@CorySchouten,@alv9n
@CorySchouten,@seanhannity
@jczamora,@gianninasegnini
@jczamora,@columbiajourn
@jczamora,@knightfdn
@profcarroll,@DKThomp
@NewhouseSU,@MeghanHoyer
@NewhouseSU,@poverberg
@NewhouseSU,@DataDhrumil
@Jdharden,@AP
@gijn,@Maid_Marianne
@gijn,@GENinnovate
@ICFJ,@ICFJKnight
@palewire,@mtfarnsworth
@palewire,@kleinmatic
@palewire,@derekwillis
@gijnAfrica,@lehrennbc
@davidottewell,@davidhiggerson
@davidottewell,@NiemanLab
@davidottewell,@clairemilleruk
@niemanfdn,@gianninasegnini
@niemanfdn,@niemanfdn
@kleinmatic,@hil_fung
@kleinmatic,@dataKateR
@kleinmatic,@ReporterTopher
@kleinmatic,@conarck
@small_media,@nanyjharon
@small_media,@NgeungaM
@IJNet,@GENinnovate
@IJNet,@kfu_hsjmc
@cijournalism,@GoldsmithsUoL
@soljourno,@genebalk
@soljourno,@seattletimes
@IJNet,@GENinnovate
@luluyilun,@YueQiu_cuj
@gijnAfrica,@lehrennbc
@cijournalism,@GoldsmithsUoL
@cijournalism,@GoldsmithsUoL
@cijournalism,@GoldsmithsUoL
@agolis,@alv9n
@johngerzema,@mr_bellis
@johngerzema,@HarrisPoll
@johngerzema,@FastCompany
@johngerzema,@mr_bellis
@johngerzema,@HarrisPoll
@kumarmanish9,@parashah91
@kumarmanish9,@Manavparekh
@kumarmanish9,@We_Are_Gujarat
@kumarmanish9,@AmitHPanchal
@kumarmanish9,@JaydipParikh
@kumarmanish9,@ronakpanchalrr
@kumarmanish9,@adhirasy
@kumarmanish9,@SMHoaxSlayer
@albertocairo,@helenajambor
@albertocairo,@AidanBudd
@albertocairo,@studioanisa
@albertocairo,@EllieMackin
@small_media,@NuevaNacion
@profcarroll,@mattdpearce
@profcarroll,@TheAtlantic
@maiamajumder,@washingtonpost
@journalismfest,@sambrook
@IJNet,@EscolaDeDados
@Aaron_Glantz,@SABEW
@jacksonglidden,@sdoig
@SamiraAhmedUK,@walt_jw
@SamiraAhmedUK,@newswatchbbc
@radioambulante,@gianninasegnini
@JeffSharlet,@sarahposner
@JeffSharlet,@KatzOnEarth
@martin_k,@newsgeist
@gijn,@DataCamp
@hariankompas,@AJIIndonesia
@davidhiggerson,@NiemanLab
@davidhiggerson,@NiemanLab
@damianradcliffe,@UOsojc
@gijn,@BernardMcKeown
@gijn,@camoesjo
@gijn,@gijn
@Ian_Fraser,@BryceElder
@GENinnovate,@adamoxford
@gijnAfrica,@lehrennbc
@waelabbas,@bungdan
@waelabbas,@Sarah_Giaziri
@waelabbas,@PeterGuest
@Megan_Lucero,@Raoldroyd
@Megan_Lucero,@bureaulocal
@davidottewell,@davidhiggerson
@davidottewell,@NiemanLab
@davidottewell,@clairemilleruk
@gijn,@Recode
@gijn,@ranimolla
@BradyCarlson,@katielannan
@kleinmatic,@cephillips
@kleinmatic,@derekwillis
@IJNet,@kfu_hsjmc
@stuartathompson,@dskok
@gijn,@BahraniYasmine
@gijn,@ohmyshambles
@gijn,@ddjournalism
@gijn,@laurahazardowen
@gijn,@WLoosen
@gijn,@julius_reimer
@davidhiggerson,@NiemanLab
@albertocairo,@CJR
@albertocairo,@voxdotcom
@albertocairo,@alv9n
@adelgado,@smfrogers
@Authentic8,@evanderburg
@ICFJ,@ICFJKnight
@davidhiggerson,@NiemanLab
@MarcDuvoisin,@palewire
@Bhekisisa_MG,@vandykjoan
@VintageAnchor,@lukeharding1968
@VintageAnchor,@VanityFair
@VintageAnchor,@VFHIVE
@derekwillis,@merrillcollege
@voxmediainc,@voxdotcom
@voxmediainc,@alv9n
@emilybell,@jonathanstray
@emilybell,@columbiajourn
@valerie_ouellet,@swaindiana
@digiphile,@opengovpart
@henkvaness,@HillevanderKaa
@katielannan,@BradyCarlson
@kamal_hothi,@vizowl
@JeffSharlet,@nberlat
@borjaechevarria,@gianninasegnini
@JeffSharlet,@GaryLegum
@reneemoodie,@JacopoOttaviani
@ariellamin,@annjychoi
@ashmcghee,@drzax
@ashmcghee,@NickEvershed
@ashmcghee,@ingating
@UOsojc,@Chanders
@PankajPachauri,@SyedNazakat
@mattwaite,@palewire
@mattwaite,@jeremybowers
@mattwaite,@NYTInteractive
@mattwaite,@jeremybmerrill
@IJNet,@neo4j
@IJNet,@ICIJorg
@neo4j,@HelenaBengtsson
@neo4j,@guardian
@neo4j,@GraphConnect
@neo4j,@GraphConnect
@neo4j,@LeilaHaddou
@neo4j,@pudo
@mjrobbins,@TomChivers
@mjrobbins,@oh_henry
@mjrobbins,@chrisdeerin
@rickhirsch,@UnivMiami
@rickhirsch,@albertocairo
@mediatwit,@pewresearch
@albertocairo,@maggiekb1
@Truthdig,@Robert_Scheer
@palewire,@mattwaite
@palewire,@jeremybowers
@palewire,@NYTInteractive
@palewire,@jeremybmerrill
@Bahareh360,@gijn
@Bahareh360,@datajconf
@newsalliance,@journalism
@SarahMarshall,@deniselaw_
@TheNationNews,@Code4Africa
@TheNationNews,@googleafrica
@SarahMarshall,@smfrogers
@MetroRyan,@yowcivictech
@UOsojc,@Chanders
@UOsojc,@Chanders
@dangillmor,@utknightcenter
@QandA,@MonaChalabi
@kimfox,@sandeep_NYC
@DavidRutz,@BKBlick
@GENinnovate,@OwnpageTech
@GENinnovate,@urbslondon
@GENinnovate,@urbslondon
@mukhtaryare,@ledeprog
@mukhtaryare,@columbiajourn
@Matthew_Kupfer,@KevinRothrock
@fel_caldwell,@CraigDButt
@timwig,@DavidKHopps
@timwig,@iainobrien
@timwig,@ajarrodkimber
@rafaelbehr,@xtophercook
@ajmacadam,@storybench
@mattwaite,@rachel_shorey
@mattwaite,@jeremybmerrill
@mattwaite,@palewire
@mattwaite,@thejefflarson
@mattwaite,@jeremybowers
@mattwaite,@NYTInteractive
@mattwaite,@dancow
@monstris,@artsadm
@CJNitkowski,@Evan_P_Grant
@CJNitkowski,@pskinner11
@CJNitkowski,@SandlerJ
@fvaraorta,@IRE_NICAR
@fvaraorta,@mujschool
@robroc,@LNdata
@BBC_Connected,@BBCIndia
@davidblawal,@Code4Africa
@davidblawal,@googleafrica
@adelgado,@ElMundoData
@adelgado,@ECLaboratorio
@KojoAB,@muchiri
@KojoAB,@African_Media
@KojoAB,@WBG_Cities
@palewire,@cacivicdata
@palewire,@kcgreenn
@samuellaurent,@decodeurs
@samuellaurent,@GENinnovate
@nickeagland,@j_mcelroy
@Info_Activism,@seeingsideways
@dancow,@StatModeling
@emmacarew,@K8brannen
@cabralens,@ICIJorg
@DRobinsonLoHud,@lohud
@UOsojc,@Chanders
@ArashMassoudi,@jburnmurdoch
@ArashMassoudi,@alekswis
@ellen_sch,@SZ
@ellen_sch,@ploechinger
@dancow,@economist
@UOsojc,@Chanders
@KojoAB,@muchiri
@KojoAB,@African_Media
@KojoAB,@WBG_Cities
@dancow,@TheEconomist
@ICFJ,@ICFJKnight
@ICFJ,@bajpairavi
@neo4j,@GraphConnect
@neo4j,@ 
@jayohday,@theobserver
@Info_Activism,@seeingsideways
@albertocairo,@knightfdn
@LizWFB,@JamesOHewitt
@LizWFB,@BrentScher
@fcoel,@tableau
@fcoel,@mariantv
@fcoel,@gabybouret
@loriculbert,@chadskelton
@Indira_L,@Poynter
@ICFJ,@ICFJKnight
@ICFJ,@bajpairavi
@ArchithNEWS,@WIONews
@ArchithNEWS,@Google
@sunnie_huang,@AlexSelbyB
@jamesrbuk,@youngvulgarian
@neo4j,@GraphConnect
@neo4j,@ 
@martinstabe,@jburnmurdoch
@dancow,@christinezhang
@srfdata,@GENinnovate
@NalakaG,@sunandadesh
@NalakaG,@sanjanah
@taylordobbs,@vprnet
@natecochrane,@edmundtadros
@Brown_e_Points,@DTHStatNat
@efekerem,@maartenzam
@palewire,@ProjectJupyter
@palewire,@propubnerds
@palewire,@BuzzFeedNews
@UOsojc,@Chanders
@mmoyr,@NPR
@gabybouret,@tableaupublic
@TheNationNews,@Code4Africa
@TheNationNews,@googleafrica
@qlik,@mejadesign
@neo4j,@GraphConnect
@neo4j,@merbroussard
@neo4j,@pudo
@neo4j,@HelenaBengtsson
@neo4j,@LeilaHaddou
@albertocairo,@julio_frenk
@neo4j,@jeffmmorris
@neo4j,@NeilCHughes
@neo4j,@LeilaHaddou
@nicolakuhrt,@gijn
@LaurenEastonAP,@APStylebook
@NAHJ,@IRE_NICAR
@datagoid,@LAPOR1708
@albertocairo,@WLouisUQ
@palewire,@ProjectJupyter
@rohanjay,@DoinkTank
@bajoelbillete,@ElMundoData
@bajoelbillete,@ECLaboratorio
@bajoelbillete,@Carlapedret
@taylordobbs,@paulbradshaw
@dancow,@Economist
@palewire,@utknightcenter
@KarnikaKohli,@svaradarajan
@KarnikaKohli,@bombaywallah
@KarnikaKohli,@mkvenu1
@KarnikaKohli,@thewire_in
@KarnikaKohli,@rajeev_mp
@KarnikaKohli,@republic
@KarnikaKohli,@narendramodi
@KarnikaKohli,@Swamy39
@KarnikaKohli,@1amnerd
@EliotHiggins,@HacksHackersLDN
@EliotHiggins,@Megan_Lucero
@EliotHiggins,@bureaulocal
@EliotHiggins,@HacksHackersLDN
@charlesarthur,@odysseanproject
@darrenwaters,@ONSdigital
@afiasalam,@ #
@afiasalam,@ @
@Megan_Lucero,@bureaulocal
@charlesminshew,@DJNF
@FrankCatalano,@douglevin
@IJNet,@neo4j
@IJNet,@ICIJorg
@michelleminkoff,@APStylebook
@laurarocha,@gabybouret
@laurarocha,@LNCreativa
@contently,@TimeInc
@alanna,@camjwolf
@albertocairo,@StatModeling
@OReillyMedia,@denormalize
@rohanjay,@kcorrick
@vanessafranko,@annieanyway
@tableaupublic,@LNdata
@tableaupublic,@gijn
@tableaupublic,@gabybouret
@tableaupublic,@MarianTV
@lachlan,@DavidRutz
@robroc,@juruwolfe
@MontyDavisKC,@cronkb
@conorduffynews,@washingtonpost
@palewire,@jpanzar
@palewire,@utknightcenter
@KedarPavgi,@navybook
@konstantinosant,@haddadme
@konstantinosant,@ajlabs
@Agenzia_Italia,@ogdabaum
@neo4j,@pudo
@neo4j,@OCCRP
@abtran,@APStylebook
@neo4j,@GraphConnect
@neo4j,@LeilaHaddou
@neo4j,@pudo
@rohanjay,@GENinnovate
@TheChrisSuprun,@EricaGrieder
@TheChrisSuprun,@VoteBeebe
@kateirby,@FiveThirtyEight
@davelevinthal,@Publici
@stevematthewson,@TheEconomist
@Danict89,@GENinnovate
@mrmarkpotts,@haileybranson
@neo4j,@GraphConnect
@neo4j,@ 
@neo4j,@jeffmmorris
@neo4j,@NeilCHughes
@neo4j,@LeilaHaddou
@neo4j,@FinancialTimes
@neo4j,@LeilaHaddou
@neo4j,@GraphConnect
@konstantinosant,@ajlabs
@palewire,@harrisj
@palewire,@latimes
@kncukier,@adnansarwar
@Internews,@EvaConstantaras
@Internews,@mozilla
@pcdnetwork,@gijn
@mikamckinnon,@CJR
@mozilla,@EliotHiggins
@connie_walker,@valerie_ouellet
@ansaeuropa,@AFP
@ansaeuropa,@dpa
@ansaeuropa,@Agenzia_Ansa
@IndiaSpend,@govindethiraj
@GrrlScientist,@spaydl
@lakens,@lifehacker
@AJIIndonesia,@googlenewslab
@Pri_Borpujari,@IndiaSpend
@Pri_Borpujari,@IWMF
@jbernstien,@robroc
@IndiaSpend,@PrachiSalve11
@BrendanNyhan,@_cingraham
@PoliticoRyan,@EU_Commission
@Bahareh360,@mirkolorenz
@Bahareh360,@Maid_Marianne
@Bahareh360,@cabralens
@IndiaSpend,@pravchak
@IndiaSpend,@UChiDelhi
@IndiaSpend,@IDFCinstitute
@Bahareh360,@PauGuisado
@Bahareh360,@cabralens
@Bahareh360,@danielegrasso
@Bahareh360,@caelainnbarr
@Radio1Rai,@EtaBetaRadio1
@Radio1Rai,@_arianna
@Radio1Rai,@barbarasgarzi
@IndiaSpend,@Pri_Borpujari
@Megan_Lucero,@puntofisso
@Megan_Lucero,@duncan3ross
@Megan_Lucero,@bureaulocal
@bibekbhandari,@SixthTone
@FullFact,@ONS
@efekerem,@ezraeeman
@efekerem,@Journalism2ls
@efekerem,@ezraeeman
@efekerem,@Journalism2ls
@CherylKawaja,@rjgleeson
@Mayank1029,@IndiaSpend
@Mayank1029,@samar11
@deniselaw_,@AlexSelbyB
@collinskeith,@FastCompany
@IJNet,@aroonkarki
@darrenwaters,@ONSdigital
@IndiaSpend,@nasrhadi
@albertocairo,@duenes
@ashokpillar,@NavinKhatiwada
@dave_janak,@IndiaSpend
@counterpartint,@USAIDGuate
@counterpartint,@IREXintl
@IndiaSpend,@pravchak
@IndiaSpend,@IDFCinstitute
@IndiaSpend,@branthouston
@knightfdn,@GENinnovate
@OmidyarNetwork,@pulitzercenter
@albertocairo,@lenagroeger
@MartinBelam,@guardian
@MartinBelam,@danielegrasso
@MartinBelam,@PauGuisado
@_ClaireConnelly,@koobs
@_ClaireConnelly,@aqualung
@_ClaireConnelly,@Info_Aus
@_ClaireConnelly,@independentaus
@_ClaireConnelly,@NoFibs
@_ClaireConnelly,@OnLineOpinion
@_ClaireConnelly,@Crikey
@_ClaireConnelly,@newmatilda
@_ClaireConnelly,@guardian
@_ClaireConnelly,@MotherJones
@Jdharden,@journocode
@IndiaSpend,@ICFJKnight
@IndiaSpend,@bajpairavi
@lucatremolada,@guidogentili1
@IndiaSpend,@JPAL_SA
@nixxin,@PandaJay
@IJNet,@LANACION
@IJNet,@CIMA_Media
@Bahareh360,@mirkolorenz
@knightfdn,@univmiami
@knightfdn,@albertocairo
@wolfewylie,@Ukingsdata
@walkleys,@Caro_e_graham
@Lauren__Dailey,@FrankieBi
@Lauren__Dailey,@KipProgram
@Lauren__Dailey,@OhioState
@brianboyer,@_neilbedi
@brianboyer,@humburg22
@brianboyer,@tbtprojx
@MartinBelam,@journalismfest
@Bahareh360,@cabralens
@IndiaSpend,@Harry_Stevens
@GeorgiGotev,@EURACTIV
@GeorgiGotev,@LeclercqEU
@Agenzia_Italia,@realDonaldTrump
@beckyyerak,@headlineclub
@beckyyerak,@WBEZ
@albertocairo,@bestqualitycrab
@KathyTGlobe,@RenataDAliesio
@gpaccardo,@JacopoOttaviani
@gpaccardo,@danielegrasso
@gpaccardo,@ChElm
@gpaccardo,@CathrineSot
@gpaccardo,@nicolaskb
@IJNet,@CIMA_Media
@IJNet,@LANACION
@Pri_Borpujari,@branthouston
@Pri_Borpujari,@IndiaSpend
@CBCFletch,@smconnor007
@CBCFletch,@EsriCanada
@Pri_Borpujari,@branthouston
@Pri_Borpujari,@IndiaSpend
@IndiaSpend,@branthouston
@albertocairo,@paulbradshaw
@pewresearch,@asmitch
@pewresearch,@Google
@OmidyarNetwork,@pulitzercenter
@henkvaness,@greenpeace
@VoxEurop,@JacopoOttaviani
@VoxEurop,@danielegrasso
@VoxEurop,@ChElm
@VoxEurop,@CathrineSot
@VoxEurop,@nicolaskb
@IndiaSpend,@PMenonIFPRI
@IndiaSpend,@IFPRI
@mberzosa,@Maid_Marianne
@mberzosa,@GENinnovate
@mberzosa,@bertrandp
@mberzosa,@smfrogers
@mberzosa,@edebourgoing
@mberzosa,@Chartbeat
@mberzosa,@knightfdn
@mberzosa,@ProPublica
@mberzosa,@ejcnet
@Bahareh360,@mirkolorenz
@Bahareh360,@maid_marianne
@Bahareh360,@cabralens
@IndiaSpend,@rsutaria
@dw_innovation,@EsraD
@dw_innovation,@pilhofer
@dw_innovation,@syrianews
@dw_innovation,@wochit
@timjeby,@WalkerMoskop
@timjeby,@stlpublicradio
@timjeby,@stltoday
@donholt99,@JessicaHuseman
@MargotWilliams,@trevoraaronson
@chrisapplegate,@psmith
@irenemilleiro,@matthew_daniels
@googlenewslab,@GoogleTrends
@googlenewslab,@pewresearch
@GENinnovate,@madalinacrc
@GENinnovate,@journalismnews
@Bahareh360,@journalismfest
@Data_Match,@ParisMatch
@neo4j,@GraphConnect
@robyndoolittle,@RenataDAliesio
@ericuman,@MissRyley
@TaylorVaisey,@David_Moscrop
@gpaccardo,@nicolaskb
@dw_innovation,@mirkolorenz
@dw_innovation,@Bahareh360
@dw_innovation,@Maid_Marianne
@albertocairo,@LNdata
@IndiaSpend,@nasrhadi
@IndiaSpend,@Harry_Stevens
@WapoEngineering,@WapoEngineering
@WapoEngineering,@aljohri
@WapoEngineering,@merrillcollege
@richardzussman,@tarajcarman
@richardzussman,@j_mcelroy
@MickCote,@PresseCan
@MickCote,@jeanhuguesroy
@MickCote,@JPPineault
@Jdharden,@Maid_Marianne
@playbookplus,@chriswilsondc
@MattHelgeson,@espn
@benharder,@nationaljournal
@benharder,@BKellyUSN
@adriengaboulaud,@aslechevallier
@adriengaboulaud,@devrig
@kimsoffen,@cdiersing
@neo4j,@GraphConnect
@neo4j,@ 
@fcoel,@NataliaMazotte
@IndiaSpend,@rsutaria
@Nicole_Kraft,@AEJMC
@Bahareh360,@ucddublin
@DeepakAdk,@rudrapangeni
@IndiaSpend,@branthouston
@mberzosa,@journalismfest
@Data_Match,@ParisMatch
@justinmclachlan,@ProPublica
@counterpartint,@IREXintl
@counterpartint,@USAIDGuate
@IndiaSpend,@GoogleFT
@Bahareh360,@kleinmatic
@konstantinosant,@Maid_Marianne
@ernamh,@YouTiup
@GENinnovate,@ICIJorg
@RachelBaye,@dataeditor
@GENinnovate,@LANACION
@GENinnovate,@LNdata
@monstris,@risj_oxford
@MHackman,@NCDJ_ASU
@nicolebode,@tanveerali
@lucatremolada,@FilMastroianni
@lucatremolada,@24infodata
@lucatremolada,@lucadebiase
@lucatremolada,@andreagianotti
@VoxEurop,@Bahareh360
@Pri_Borpujari,@IndiaSpend
@Pri_Borpujari,@ICFJKnight
@boomlive_in,@govindethiraj
@boomlive_in,@periscopetv
@justinCgio,@perreaux
@justinCgio,@RenataDAliesio
@GENinnovate,@irenejayliu
@GENinnovate,@googlenewslab
@IndiaSpend,@pravchak
@duckduckgo,@CJR
@IndiaSpend,@sanjit_oberai
@neo4j,@GraphConnect
@neo4j,@LeilaHaddou
@neo4j,@pudo
@knightfdn,@univmiami
@knightfdn,@albertocairo
@PeterBale,@Maid_Marianne
@PeterBale,@geninnovate
@BBC_News_Labs,@BBC_Connected
@AdrianKLee,@TaylorVaisey
@AdrianKLee,@David_Moscrop
@Emojipedia,@HamdanAzhar
@dlippman,@PlaybookPlus
@dlippman,@chriswilsondc
@dlippman,@Time
@albertocairo,@pciuccarelli
@vanessafranko,@tbquirk
@FullFact,@ONS
@mberzosa,@ProPublica
@mediatwit,@GENinnovate
@mediatwit,@NiemanLabs
@momiperalta,@Rosental
@momiperalta,@JaimiDowdell
@momiperalta,@pilhofer
@momiperalta,@kleinmatic
@momiperalta,@smfrogers
@momiperalta,@MacDiva
@raju,@felixsalmon
@abtran,@alv9n
@abtran,@codenberg
@janinewarner,@RJI
@janinewarner,@rsm
@dataeditor,@iff_or
@lucatremolada,@michelafinizio
@lucatremolada,@FilMastroianni
@lucatremolada,@andreagianotti
@lucatremolada,@sapomnia
@mberzosa,@journalismfest
@charlesornstein,@lenagroeger
@kasshout,@HNTracker
@kasshout,@rchakaki
@cabralens,@Bahareh360
@Harry_Stevens,@IndiaSpend
@GENinnovate,@irenejayliu
@GENinnovate,@googlenewslab
@darrenwaters,@ONS
@darrenwaters,@BBCNews
@darrenwaters,@PA
@darrenwaters,@Telegraph
@davidottewell,@robgrantuk
@dataeditor,@connie_walker
@BBC_News_Labs,@91springboard
@BBC_News_Labs,@BBC_Connected
@IndiaSpend,@ICFJKnight
@IndiaSpend,@bajpairavi
@timdevaney,@owenthomas
@GENinnovate,@ICIJorg
@JPAL_SA,@JPAL_SA
@JPAL_SA,@IndiaSpend
@IndiaSpend,@googlenewslab
@IndiaSpend,@ 
@CNWNews,@caj
@CNWNews,@ukings
@albertocairo,@arnicas
@AJStream,@JuliaAngwin
@dw_innovation,@Bahareh360
@Bahareh360,@PauGuisado
@Bahareh360,@cabralens
@Bahareh360,@danielegrasso
@Bahareh360,@caelainnbarr
@samblackledge,@bureaulocal
@EU_Regional,@afpfr
@EU_Regional,@ansaeuropa
@EU_Regional,@dpa
@LisaAbeyta,@NormaPadron_
@nixxin,@livemint
@RachelStewart04,@cabralens
@RachelStewart04,@caelainnbarr
@RachelStewart04,@PauGuisado
@RachelStewart04,@danielegrasso
@mtdukes,@RecordsGeek
@IndiaSpend,@Harry_Stevens
@IndiaSpend,@htTweets
@LNdata,@rachel_shorey
@LNdata,@derekwillis
@LNdata,@dataeditor
@LNdata,@christinawilkie
@LNdata,@zubakskees
@LNdata,@opennews
@IndiaSpend,@rsutaria
@gpaccardo,@nicolaskb
@gpaccardo,@jplusplus_
@neo4j,@jimwebber
@neo4j,@astroadamh
@neo4j,@datakind
@neo4j,@GraphConnect
@neo4j,@ 
@dhmontgomery,@ckrafftc
@dhmontgomery,@maya_sen
@IndiaSpend,@pravchak
@IndiaSpend,@IDFCinstitute
@OmidyarNetwork,@pulitzercenter
@Agenzia_Italia,@you_trend
@danwainwright,@ONS
@Pri_Borpujari,@branthouston
@Pri_Borpujari,@IndiaSpend
@albertocairo,@UMCCS
@wolfewylie,@GENinnovate
@darrenwaters,@ONS
@neo4j,@jimwebber
@neo4j,@astroadamh
@neo4j,@datakind
@Pri_Borpujari,@branthouston
@FannyFacsar,@EsraD
@dangillmor,@Cronkite_ASU
@GrahamDavidA,@pbump
@PwC_Nigeria,@BudgITng
@LeonLidigu,@njokichege
@SimilarWeb,@CraigSilverman
@SimilarWeb,@BuzzFeedNews
@gijn,@anastasiajourno
@gijn,@gijnRu
@gijn,@InternewsUA
@rachelwalexande,@boggs_alison
@rachelwalexande,@WSUPullman
@gijn,@anastasiajourno
@gijn,@dataandme
@gijn,@juliustroeger
@gijn,@datentaeterin
@gregorykorte,@SStirling
@Anthony,@joshtpm
@Anthony,@charlescwcooke
@CFImedias,@rapplerdotcom
@OpenTechFund,@ddjournalism
@ICFJ,@ConnectasLab
@gijn,@anastasiajourno
@gijn,@TextyOrgUa
@gijn,@vb_kg
@gijn,@vb_kg
@prempanicker,@acjnewmedia
@cijournalism,@CrinaBoros
@cijournalism,@GoldsmithsUoL
@walkleys,@isentia
@digiphile,@joshtpm
@digiphile,@TPM
@KristerJohnson,@joshtpm
@sfmnemonic,@jeffwilsontech
@sfmnemonic,@jeffjarvis
@sfmnemonic,@jjn1
@sfmnemonic,@cluetrain
@NateSilver538,@joshtpm
@bencasselman,@joshtpm
@pulitzercenter,@uri_blau
@Cronkite_ASU,@knightfdn
@Cronkite_ASU,@sarahcnyt
@palewire,@cacivicdata
@small_media,@NuevaNacion
@Irish_Aid,@ciarancannon
@Irish_Aid,@Irish_Aid
@jschwabish,@smfrogers
@jschwabish,@daniellebowers_
@kimsoffen,@cdiersing
@cijournalism,@CrinaBoros
@cijournalism,@GoldsmithsUoL
@C4ADS,@OCCRP
@gijn,@KezieOmeje
@gijn,@OKFN
@gijn,@mikebowser
@gijn,@source
@MediaGovGr,@emhpee
@gijn,@CamburYMedio
@TonyTassell,@barneythompson
@GingerGorman,@journalismtips
@DavidDieudonne,@CentreFrance
@DavidDieudonne,@labcentrefrance
@gijn,@ejcnet
@gijn,@montclairstateu
@gijn,@gijn
@Bahareh360,@ddjournalism
@SarahMarshall,@paulbradshaw
@micahcohen,@TLCWeber
@micahcohen,@joshtpm
@RonanPrice,@paulbmelia
@bencasselman,@armandodkos
@bencasselman,@LeahLibresco
@bencasselman,@FiveThirtyEight
@GlenBMulcahy,@teelmo
@GlenBMulcahy,@ylenews
@bencasselman,@joshtpm
@bencasselman,@NateSilver538
@bencasselman,@joshtpm
@bencasselman,@FiveThirtyEight
@small_media,@NuevaNacion
@gijn,@digidickinson
@sarah_nagem,@hargan
@IndexCensorship,@ECPMF
@derekwillis,@fredzannarbor
@mcarmichael,@chipublib
@bencasselman,@joshtpm
@gijn,@albertocairo
@gijn,@gijn
@micahcohen,@TLCWeber
@micahcohen,@joshtpm
@brodiegal,@albertocairo
@brodiegal,@joshtpm
@Cronkite_ASU,@knightfdn
@Cronkite_ASU,@sarahcnyt
@gijn,@chainsawriot
@gijn,@gijn
@gijn,@vivianguilherme
@gijn,@gijn
@microsoftitalia,@Effecinque
@microsoftitalia,@dr_mattia
@stephenexley,@tesfenews
@stephenexley,@CIPR_EdSkills
@stephenexley,@JBelgutay
@GENinnovate,@Storybench
@soljourno,@genebalk
@soljourno,@seattletimes
@gijn,@enjoyer_5
@gijn,@gijn
@Megan_Lucero,@smfrogers
@Megan_Lucero,@carolecadwalla
@Megan_Lucero,@Raoldroyd
@Megan_Lucero,@jonhew
@EvgenyFeldman,@InfoPolit
@annamasera,@MacchineVolanti
@annamasera,@FuturaTorino
@adamplayford,@_neilbedi
@frontlineclub,@CrinaBoros
@gijn,@bb_liliana
@gijn,@SSRN
@gijn,@TommasoVenturin
@gijn,@jwyg
@gijn,@jacomyma
@gijn,@PublicDataLab
@gijn,@ddjournalism
@gijn,@IMSD_Analytics
@gijn,@albertocairo
@gijn,@albertocairo
@cijournalism,@CrinaBoros
@cijournalism,@GoldsmithsUoL
@mkramer,@poynter
@gregorykorte,@GregHarris71
@gregorykorte,@NateSilver538
@albertocairo,@dinocitraro
@albertocairo,@laurahazardowen
@sole24ore,@lucatremolada
@sole24ore,@loconte63
@RevistaSemana,@RutasConflicto
@petersagal,@joshtpm
@small_media,@yanoak
@ptr_yeung,@digidickinson
@ptr_yeung,@puntofisso
@bencasselman,@joshtpm
@bencasselman,@LeahLibresco
@Info_Activism,@seeingsideways
@IJNet,@utknightcenter
@gijn,@source
@pulitzercenter,@uri_blau
@IndexCensorship,@ECPMF
@DSzymborski,@skepticalsports
@SamsungBizUSA,@jasonhiner
@derekwillis,@MontgomeryKen
@small_media,@yanoak
@MaggieMenderski,@BarbaraPSmith
@gijn,@gabormarkus
@gijn,@gijn
@davidblawal,@Code4Africa
@small_media,@NuevaNacion
@albertocairo,@storywithdata
@Ashley_J_Kirk,@paulbradshaw
@Ashley_J_Kirk,@digidickinson
@guilherme_amado,@cabralens
@guilherme_amado,@ICIJorg
@palewire,@cacivicdata
@ColumbiaAlumniA,@ColumbiaClub_DC
@ColumbiaAlumniA,@columbiajourn
@gijn,@ScienceTS
@gijn,@gijn
@cijournalism,@GoldsmithsUoL
@jkeefe,@brigidbergin
@jkeefe,@thepapaya
@gijn,@randal_olson
@gijn,@gijn
@palewire,@joshtpm
@niemanfdn,@ICFJKnight
@skepticalsports,@WaltHickey
@skepticalsports,@SStirling
@GayleCinquegran,@columbiajourn
@LeonLidigu,@GENinnovate
@kikollan,@marga_tf
@laurahazardowen,@julius_reimer
@laurahazardowen,@NiemanLab
@bencasselman,@aepton
@bencasselman,@NateSilver538
@bencasselman,@joshtpm
@bencasselman,@FiveThirtyEight
@pulitzercenter,@uri_blau
@gijn,@BBCRD
@mougendi,@cgicheru1
@mougendi,@justinarenstein
@RogerPielkeJr,@NateSilver538
@RogerPielkeJr,@FiveThirtyEight
@soljourno,@genebalk
@soljourno,@seattletimes
@gijn,@EdwardTufte
@gijn,@Code4Africa
@damianradcliffe,@Chanders
@damianradcliffe,@UOsojc
@sarahcnyt,@laurahazardowen
@sarahcnyt,@albertocairo
@sarahcnyt,@sharon000
@damianradcliffe,@kcorrick
@BowKnowsBiz,@juliegoldberg
@DohaMadani,@FiveThirtyEight
@dandrezner,@NateSilver538
@derekwillis,@thomasforth
@derekwillis,@ODILeeds
@derekwillis,@paulcconnell
@hangingnoodles,@voxdotcom
@gijn,@el_pais
@smfrogers,@jschwabish
@LeonLidigu,@Maid_Marianne
@Poynter,@mayerjoy
@gijn,@morgenpost
@gijn,@gijn
@mattwaite,@sarahcnyt
@ucbsoj,@albertocairo
@MjLyle,@ProPublica
@dnbornstein,@soljourno
@bencasselman,@joshtpm
@st_ffen,@zeitonline
@NateSilver538,@joshtpm
@gijn,@fubits
@gijn,@jwyg
@gijn,@gijn
@MSPowerBI,@Recode
@mkramer,@christinezhang
@IJNet,@CFPD_UDGVirtual
@EngnRoom,@montclairstateu
@dw_innovation,@NateSilver538
@gijn,@kikollan
@gijn,@gijn
@gijn,@RTSinfo
@gijn,@Wingly_UK
@gijnAfrica,@j_la28
@albertocairo,@laurahazardowen
@zackstanton,@lpolgreen
@zackstanton,@jackshafer
@mtdukes,@kimbriellwapo
@mtdukes,@JoeBrunoWSOC9
@Peter_Jost,@DatenDani
@Peter_Jost,@BernerZeitung
@gijn,@juliustroeger
@gijn,@datentaeterin
@gijn,@morgenpost
@gijn,@gijn
@Ashley_J_Kirk,@BenjaminToff
@gijn,@digidickinson
@gijn,@fabiolatorres
@gijn,@ICFJKnight
@gijn,@ICFJ
@gijn,@IJNet
@albertocairo,@joshtpm
@small_media,@NuevaNacion
@small_media,@NuevaNacion
@jonathonmorgan,@d1gi
@sarahcnyt,@martinstabe
@sarahcnyt,@albertocairo
@sarahcnyt,@laurahazardowen
@sarahcnyt,@sharon000
@MaxKennerly,@joshtpm
@groundviews,@yudhanjaya
@IndexCensorship,@ECPMF
@ucbsoj,@albertocairo
@sarahcnyt,@albertocairo
@sarahcnyt,@laurahazardowen
@OKFN,@od4_d
@OKFN,@KezieOmeje
@Bahareh360,@eborgesrey
@Bahareh360,@digidickinson
@gijn,@Code4Africa
@gijn,@SimonKaggwaNjal
@gijn,@dataviz_catalog
@gijn,@SolomonSerwanjj
@gijn,@eyotaruolive
@gijn,@GabrielIguma
@gijn,@Da4Daphne
@gijn,@bushrah_nam
@AP_CorpComm,@AP
@AP_CorpComm,@tthibo
@AP_CorpComm,@MeghanHoyer
@AP_CorpComm,@ONAConf
@laurahazardowen,@BredowInstitut
@laurahazardowen,@niemanlab
@GoogleEnFrance,@labcentrefrance
@GoogleEnFrance,@googlenewslab
@walkleys,@isentia
@gijn,@Datawrapper
@gijn,@jwyg
@lgalup,@rayovirtual
@ICFJ,@ICFJKnight
@ICFJ,@Code4Africa
@lucatremolada,@andreagianotti
@lucatremolada,@michelafinizio
@gijn,@infomuotoilu
@gijn,@gijn
@ptr_yeung,@puntofisso
@ptr_yeung,@digidickinson
@palewire,@knowtheory
@palewire,@derekwillis
@palewire,@joshtpm
@Agenzia_Italia,@riccardoluna
@sarahcnyt,@albertocairo
@sarahcnyt,@laurahazardowen
@digiphile,@joshtpm
@RobinKwong,@Storybench
@sesmith,@joshtpm
@gijn,@christinazaba
@gijn,@wordpressdotcom
@gijn,@gijn
@sarahcnyt,@albertocairo
@sarahcnyt,@laurahazardowen
@maggiekb1,@simonelandon
@small_media,@yanoak
@stianwestlake,@ODILeeds
@stianwestlake,@thomasforth
@gijn,@WLoosen
@gijn,@julius_reimer
@phuffdaddy,@columbiajourn
@phuffdaddy,@SteveCollNY
@cijournalism,@GoldsmithsUoL
@cijournalism,@GoldsmithsUoL
@gijn,@albertocairo
@gijn,@merbroussard
@Bahareh360,@digidickinson
@IbrahimBeayeyz,@NahidBashatah
@IbrahimBeayeyz,@Dr__Melfi
@IJNet,@EscolaDeDados
@gijn,@pinardag
@gijn,@gijn
@gijn,@n3ur0
@gijn,@instagram
@gijn,@gijn
@bencasselman,@joshtpm
@bencasselman,@LeahLibresco
@Bahareh360,@clairemilleruk
@small_media,@NuevaNacion
@Cronkite_ASU,@knightfdn
@Cronkite_ASU,@sarahcnyt
@infogram,@cityjournalrmit
@digiphile,@joshtpm
@djordjepadejski,@merbroussard
@bencasselman,@joshtpm
@bencasselman,@FiveThirtyEight
@cijournalism,@GoldsmithsUoL
@IJNet,@utknightcenter
@IJNet,@lauzommer
@gijn,@opendatasoft
@gijn,@gijn
@cijournalism,@GoldsmithsUoL
@gijn,@ONA
@gijn,@ddjournalism
@mediagazer,@laurahazardowen
@WashPostLife,@sprakash007
@WashPostLife,@WapoEngineering
@cijournalism,@CrinaBoros
@cijournalism,@GoldsmithsUoL
@mattwaite,@sarahcnyt
@peterdaou,@joshtpm
@smfrogers,@shmavitch
@gijn,@ONA
@gijn,@ddjournalism
@NoceraBV,@NateSilver538
@NoceraBV,@joshtpm
@small_media,@NuevaNacion
@mtdukes,@sandhya__k
@LoveStats,@jutrasmel
@LoveStats,@randal_olson
@Lkhagva,@Maid_Marianne
@milapgh,@PublicSourcePA
@milapgh,@carnegielibrary
@milapgh,@JDale_Shoemaker
@gijn,@UoMNews
@gijn,@BBCRD
@gijn,@CarolineEJay
@gijn,@UoMSciEng
@gijn,@dsi_uom
@gijn,@gijn
@benbalter,@dataKateR
@gijn,@_tabbz
@gijn,@saweelar
@gijn,@andkamau
@gijn,@gijn
@EP_Hellas,@EP_Hellas
@gijn,@MartinMotzkau
@gijn,@gijn
@JaneEliz,@shawnmcintosh
@JaneEliz,@ajc
@ICFJ,@ICFJKnight
@palewire,@MissRyley
@palewire,@kleinmatic
@martinstabe,@datatheism
@martinstabe,@laurahazardowen
@dannyboi965,@joshtpm
@gijn,@Advocassembly
@gijn,@Maid_Marianne
@gijn,@gijn
@jabberingjourno,@journalismuclan
@Ashley_J_Kirk,@paulbradshaw
@Ashley_J_Kirk,@digidickinson
@mikebarnicle,@NoceraBV
@neo4j,@ #
@neo4j,@ 
@neo4j,@IRE_NICAR
@neo4j,@lyonwj
@AssociatedPress,@Poynter
@AssociatedPress,@SamanthaSunne
@MartinBelam,@alimason
@MartinBelam,@kitlovelace
@michelleminkoff,@DanielTrielli
@monstris,@dig_cultures
@ProPublica,@GENinnovate
@googlenewslab,@ejcnet
@mediatwit,@CJR
@mediatwit,@NiemanLab
@mediatwit,@UOsojc
@mediatwit,@collegetalk
@mediatwit,@ONA
@KimCattrall,@globeandmail
@journalismfest,@googlenewslab
@journalismfest,@ejcnet
@martinstabe,@abcronkhite
@CT_Bergstrom,@chanversus
@nycjim,@GENinnovate
@albertocairo,@smfrogers
@albertocairo,@pilhofer
@MCSeto,@robyndoolittle
@YossiGestetner,@ossoff
@YossiGestetner,@nytimes
@palewire,@cacivicdata
@dancow,@derekwillis
@Internews,@SchoolOfData
@Internews,@EvaConstantaras
@neo4j,@ #
@neo4j,@ 
@neo4j,@IRE_NICAR
@neo4j,@lyonwj
@OKFN,@SchoolOfData
@dannyboi965,@dangillmor
@EdwardEgrosFox4,@APStylebook
@sanjanah,@groundviews
@honegger,@nytimes
@NiemanLab,@AP
@TWallack,@IRE_NICAR
@TWallack,@JasonGrotto
@TWallack,@abtran
@Authentic8,@evanderburg
@palewire,@eads
@_ClaireConnelly,@_Hello_Humans
@BruceCordell,@ethanizaak
@Bahareh360,@UCD_iSchool
@EngnRoom,@SchoolOfData
@piposerrano,@ZUMApress
@Bahareh360,@dublinked
@Bahareh360,@GovDataIE
@Bahareh360,@datajconf
@JasonvanRassel,@Beerideas
@gijnAfrica,@NationMediaGrp
@GENinnovate,@ProPublica
@shelholtz,@billspaniel
@gijnAfrica,@JournoResource
@Bahareh360,@datajconf
@emilyhholden,@Bilsko
@Sebauyanet,@lpolgreen
@Sebauyanet,@HuffPost
@nathanielcary,@factsbymax
@ptr_yeung,@pilhofer
@dancow,@derekwillis
@dancohen,@albertocairo
@lucatremolada,@24infodata
@lucatremolada,@andreagianotti
@lucatremolada,@FilMastroianni
@lucatremolada,@sapomnia
@lucatremolada,@michelafinizo
@txtianmiller,@asu
@txtianmiller,@sarahcnyt
@Suitpossum,@BylineFest
@alisongow,@isasun
@alisongow,@ejcnet
@AssociatedPress,@Poynter
@AssociatedPress,@SamanthaSunne
@rodolfoviana,@abunchofdata
@YIbukun,@TunjiLardner
@marymhudetz,@JaimiDowdell
@marymhudetz,@aaja
@dancow,@derekwillis
@Rosental,@palewire
@insopportabile,@rosybattaglia
@sindap,@bmclannahan
@sindap,@justinbieber
@sindap,@BarackObama
@sindap,@lloydblankfein
@GingerGorman,@journalismtips
@Revkin,@ProPublica
@OKFN,@opendata_hk
@IJNet,@utknightcenter
@aropeik,@washingtonpost
@marlonawalker,@Benet4NABJ
@Info_Activism,@seeingsideways
@gpaccardo,@iarynam
@Bahareh360,@AP
@mberzosa,@youtube
@damianradcliffe,@Chanders
@damianradcliffe,@sami_edge
@neo4j,@ #
@neo4j,@ 
@neo4j,@IRE_NICAR
@neo4j,@lyonwj
@neo4j,@ #
@neo4j,@ 
@neo4j,@IRE_NICAR
@neo4j,@lyonwj
@OKFN,@opendata_hk
@Weinbergrrrrr,@propublica
@mberzosa,@youtube
@BD_Africa,@NjanjaAnnie
@AssociatedPress,@Poynter
@AssociatedPress,@SamanthaSunne
@shelholtz,@billspaniel
@Psythor,@GizmodoUK
@mediatwit,@washingtonpost
@mediatwit,@RJIFuturesLab
@mediatwit,@poynter
@mediatwit,@Niemanlab
@YossiGestetner,@ossoff
@WendyBrandes,@ProPublica
@Publici,@PublicI
@Publici,@Iuliia_Alieva
@Internews,@SchoolOfData
@Internews,@EvaConstantaras
@mayasugarman,@aajavoices
@rodolfoviana,@abunchofdata
@henkvaness,@lsengers
@henkvaness,@winnydejong
@LisaArmstrong,@tthibo
@LisaArmstrong,@MeghanHoyer
@LisaArmstrong,@AP
@AssociatedPress,@Poynter
@AssociatedPress,@SamanthaSunne
@lucatremolada,@24infodata
@lucatremolada,@andreagianotti
@lucatremolada,@FilMastroianni
@lucatremolada,@sapomnia
@lucatremolada,@tableau
@IJNet,@SoyData
@Bahareh360,@srgspl
@SusanPage,@npenzenstadler
@SusanPage,@JohnKelly
@SusanPage,@BySteveReilly
@insopportabile,@rosybattaglia
@Bahareh360,@datajconf
@Bahareh360,@BAItweets
@kbmiami,@knightfdn
@dancow,@derekwillis
@Markgsparrow,@GarethSoye
@richjm,@Ashley_J_Kirk
@richjm,@Patrick_E_Scott
@kbmiami,@ellencrooke
@kbmiami,@tegna
@OliviaCrellin,@columbiajourn
@OliviaCrellin,@caelainnbarr
@AssociatedPress,@Poynter
@AssociatedPress,@SamanthaSunne
@mtdukes,@knowtheory
@mtdukes,@documentcloud
@TelegraphWorks,@Ashley_J_Kirk
@rte,@googlenewslab
@rte,@rte
@rte,@datajconf
@rte,@UCD_iSchool
@rte,@Bahareh360
@larrykaplow,@NPR
@ftdata,@jburnmurdoch
@no_such_zone,@WSJGraphics
@no_such_zone,@HamiltonMusical
@no_such_zone,@Lin_Manuel
@GENinnovate,@VembaCorp
@DearSplenda,@prof_carrington
@amandwms,@AnnieWaldman
@RebekahLSanders,@npenzenstadler
@RebekahLSanders,@BySteveReilly
@RebekahLSanders,@jkelly3rd
@GENinnovate,@richardgingras
@AssociatedPress,@Poynter
@AssociatedPress,@SamanthaSunne
@palewire,@cacivicdata
@Internews,@SchoolOfData
@Internews,@EvaConstantaras
@EricGordy,@KRIKrs
@OKFN,@opendata_hk
@googlenewslab,@smfrogers
@alexfrangos,@Birdyword
@dw_innovation,@googlenewslab
@dw_innovation,@ejcnet
@meltait,@LBlenkinsop
@alliebidwell,@benetwilson
@insopportabile,@lauraiannelli
@5thEstate,@Ukingsdata
@5thEstate,@Fvjones
@mberzosa,@youtube
@B_M_Finnigan,@SonnyBunch
@B_M_Finnigan,@zandywithaz
@B_M_Finnigan,@bendreyfuss
@B_M_Finnigan,@andylevy
@dancohen,@ 
@palewire,@cacivicdata
@OKFN,@SchoolOfData
@AssociatedPress,@Poynter
@AssociatedPress,@SamanthaSunne
@ProPublica,@ProPublica
@fel_caldwell,@drzax
@davewiner,@NYT
@davewiner,@washingtonpost
@isasun,@ejcnet
@Herring_NBA,@jakewillis88
@Internews,@SchoolOfData
@Internews,@EvaConstantaras
@Bahareh360,@AP
@ptr_yeung,@pilhofer
@palewire,@ProjectJupyter
@chiquiesteban,@LazaroGamio
@chiquiesteban,@kimsoffen
@GingerGorman,@journalismtips
@fel_caldwell,@SpencerHowson
@Agenzia_Italia,@ogdabaum
@GENinnovate,@urbslondon
@LaurenEastonAP,@AP
@cijournalism,@pilhofer
@cijournalism,@guardian
@cijournalism,@nytimes
@brodiegal,@AfricaCheck
@brodiegal,@paulyberk
@brodiegal,@ 
@JohnGushue,@ianhutchings
@AP_CorpComm,@AP
@AP_CorpComm,@tthibo
@xocasgv,@ConnectasLab
@xocasgv,@albertocairo
@YKLeeAP,@stiles
@YKLeeAP,@AAJAAsia
@Ian_Fraser,@policescotland
@Ian_Fraser,@marceellison
@YKLeeAP,@stiles
@samblackledge,@bureaulocal
@samblackledge,@Megan_Lucero
@samblackledge,@Gareth_Davies09
@samblackledge,@MaeveMCC
@Rosental,@palewire
@BD_Africa,@BD_Africa
@BD_Africa,@NationMediaGrp
@damianradcliffe,@chanders
@damianradcliffe,@UOsojc
@ibogost,@cwellmon
@ibogost,@mkgold
@ibogost,@berrydm
@ibogost,@sivavaid
@albertocairo,@ronnyrojas
@albertocairo,@NateSilver538
@jonkauffman,@beerandnosh
@mayasugarman,@abtran
@LisaArmstrong,@MSPowerBI
@PedroAGuerr,@politico
@erikrolfsen,@tarajcarman
@sophieginger,@DataYolo
@OKFN,@SchoolOfData
@PeterBale,@geninnovate
@walkleys,@irenejayliu
@dw_innovation,@twone2
@dw_innovation,@YDS_EU
@dw_innovation,@evopez
@dw_innovation,@evopez
@IJNet,@Soy_Data
@OKFN,@SchoolOfData
@MarkAmesExiled,@yashalevine
@smartin,@kitlovelace
@UOsojc,@sami_edge
@UOsojc,@MediaShiftOrg
@Rosental,@palewire
@BD_Africa,@BD_Africa
@BD_Africa,@NationMediaGrp
@srfdata,@paulbradshaw
@Rosental,@palewire
@ForeignAsst_gov,@nrblecker
@ForeignAsst_gov,@Data2X
@RTEDigital,@rte
@RTEDigital,@datajconf
@RTEDigital,@UCD_iSchool
@RTEDigital,@Bahareh360
@riotta,@CatchyBigData
@riotta,@LaStampa
@themaastrix,@nicolaskb
@ron_miller,@michellemanafy
@AssociatedPress,@Poynter
@AssociatedPress,@SamanthaSunne
@riotta,@clafer1
@Harry_Stevens,@htTweets
@Harry_Stevens,@livemint
@gijn,@albertocairo
@gijn,@Gramener
@gijn,@Gramener
@Brian_Riedl,@HeidiPrzybyla
@Agenzia_Italia,@EnricoNigiotti
@neo4j,@ICIJorg
@humbercollege,@medialivelab
@MichaelSalamone,@1dumb_smart_guy
@alexposadzki,@globeandmail
@alexposadzki,@robyndoolittle
@LouiseMensch,@Patribotics
@nikkiusher,@jmart181
@nikkiusher,@ChelseaJulian
@nikkiusher,@SethCLewis
@nikkiusher,@dfreelon
@nikkiusher,@JeremyLittau
@nikkiusher,@rodzam
@scottlincicome,@tgriffinnc
@enamara,@GoslinoJ
@kamal_hothi,@ICFJKnight
@Agenzia_Italia,@mengonimarco
@opengovpart,@Rominacolman
@jwyg,@pinardag
@jwyg,@gijn
@jwyg,@ddjournalism
@jwyg,@ejcnet
@jwyg,@GENinnovate
@jwyg,@knightfdn
@jwyg,@MaJinxin
@jwyg,@smfrogers
@jwyg,@dancow
@jwyg,@kleinmatic
@jwyg,@github
@BobBrigham,@FiveThirtyEight
@EdwardEgrosFox4,@damianradcliffe
@gijn,@ftproperty
@Agenzia_Italia,@SpotifyItaly
@damianradcliffe,@HuffPost
@damianradcliffe,@ZDNet
@xocasgv,@kleinmatic
@xocasgv,@maartenzam
@xocasgv,@guardian
@henkvaness,@guardian
@henkvaness,@HelenaBengtsson
@derekwillis,@jadviser
@Alex_Panetta,@didouche_83
@Alex_Panetta,@MrSeanGordon
@mattwaite,@derekwillis
@GibranAshraf,@EvaConstantaras
@GibranAshraf,@asadjan80
@GibranAshraf,@Internews
@GibranAshraf,@asalamafridi
@SharonKWn,@LEGOIdeas
@SharonKWn,@TB_Times
@GENinnovate,@knightfdn
@GENinnovate,@stefsy
@GENinnovate,@pilhofer
@GENinnovate,@gianninasegnini
@GENinnovate,@shazna
@GENinnovate,@reginaldchua
@GENinnovate,@albertocairo
@gijnAfrica,@USTreasury
@Sammy_Roth,@Jill_Castellano
@Sammy_Roth,@azdangonzalez
@Sammy_Roth,@robodellaz
@Agenzia_Italia,@ZironiVioletta
@nikkiusher,@ampalm
@kmcgrory,@TB_Times
@Megan_Lucero,@jonnymcj
@Megan_Lucero,@bureaulocal
@CasMudde,@VoxEurop
@infogram,@Internews
@palewire,@cacivicdata
@TalibKweli,@realjkbridge
@bpopken,@neo4j
@bpopken,@mdavidallen
@bpopken,@lyonwj
@jschwabish,@officeofjane
@gijn,@KarrieKehoe
@small_media,@nanyjharon
@small_media,@NgeungaM
@TgrRaiTrentino,@napo
@TgrRaiTrentino,@FBKcom
@gijn,@bcumedia
@JeremyLittau,@CindyRoyal
@JeremyLittau,@ChelseaJulian
@JeremyLittau,@jmart181
@JeremyLittau,@SethCLewis
@JeremyLittau,@dfreelon
@JeremyLittau,@nikkiusher
@JeremyLittau,@rodzam
@Elaijuh,@RepTurzai
@enda,@hedi
@gijn,@paulbradshaw
@gijn,@gijn
@craigdesson,@stuartathompson
@Agenzia_Italia,@ThisisManeskin
@radleybalko,@laurenkrisai
@radleybalko,@cjciaramella
@CharlesPPierce,@AndyGold24
@smfrogers,@fromedome
@gijn,@Journocode
@MikeBastasch,@CJR
@lindseywiebe,@NaelShiab
@Agenzia_Italia,@SkyUno
@dhmontgomery,@maggiekb1
@annamasera,@jenkin27
@annamasera,@FuturaTorino
@Agenzia_Italia,@FIMI_IT
@JeremyLittau,@nikkiusher
@JeremyLittau,@dfreelon
@JeremyLittau,@ChelseaJulian
@JeremyLittau,@jmart181
@JeremyLittau,@SethCLewis
@JeremyLittau,@rodzam
@raju,@civicdec
@raju,@knightfdn
@raju,@AP
@rachelwalexande,@tylermachado
@small_media,@nanyjharon
@small_media,@NgeungaM
@palewire,@jaspar
@palewire,@derekwillis
@hrvenkatesh,@RamaLTI
@mattdrange,@IRE_NICAR
@Harry_Stevens,@farah_thakur
@nytopinion,@DLeonhardt
@gijn,@SPIEGELONLINE
@gijn,@PatrickStotz
@cate_long,@CGrantWSJ
@cate_long,@jason
@albertocairo,@sarahcnyt
@gijn,@albertocairo
@gijn,@EU_Eurostat
@angelaquintal,@CPJAfrica
@Brian_Riedl,@HeidiPrzybyla
@Jem_Collins,@SophieWarnes
@rachelnixon,@jayrosen_nyu
@cbaxter1,@SStirling
@cbaxter1,@spsullivan
@azembassyus,@USEmbassyBaku
@MSPowerBI,@Curbed
@gijnAfrica,@AfricaCheck
@angelaquintal,@musebiihi
@angelaquintal,@pressfreedom
@gijnAfrica,@OCCRP
@nikkiusher,@elitetruong
@jonkeegan,@stuartathompson
@jonkeegan,@JuliaAngwin
@dancow,@vicenews
@dancow,@wpinvestigates
@cbaxter1,@SStirling
@cbaxter1,@spsullivan
@mikejanda,@ingating
@mikejanda,@abcnews
@gijn,@sdbernard
@gijn,@FT
@PoliticoScott,@politico
@christinespolar,@KHNews
@kirstystyles1,@bureaulocal
@TBIJ,@bureaulocal
@Revkin,@stuntbox
@Revkin,@ProPublica
@Agenzia_Italia,@GoogleTrends
@cbaxter1,@njdotcom
@jeremybowers,@mriley500
@jeremybowers,@mtdukes
@gijn,@GENinnovate
@MSPowerBI,@SRCCON
@emilybell,@cocteau
@nytopinion,@DLeonhardt
@TraceWall,@HuffPost
@LeahLibresco,@WaltHickey
@dancow,@abtran
@jnmulholland,@carolecadwalla
@karstenhufer,@GENinnovate
@small_media,@NuevaNacion
@gijn,@DeutscheWelle
@csapkota,@SEJON5
@davidottewell,@AnnieGouk
@davidottewell,@DailyMirror
@dougf24,@beccalew
@dougf24,@sciencespoEDJ
@nateschenkkan,@OCCRP
@nytopinion,@DLeonhardt
@raju,@civicdec
@raju,@knightfdn
@raju,@AP
@gijnAfrica,@journocode
@gijnAfrica,@giannagruen
@ClancyReports,@BrianRFriedman
@ClancyReports,@kidibekele
@ClancyReports,@washingtonpost
@jaspar,@_cingraham
@derekwillis,@mollyyanity
@derekwillis,@mattderienzo
@adamconover,@ProPublica
@JordanBrenner,@CreateCivility
@JordanBrenner,@cherylclarkin
@JordanBrenner,@brianstelter
@JordanBrenner,@KristaMohamed
@gijn,@CARTO
@gijn,@gijn
@akbarjenkins,@hoffmann_nic
@akbarjenkins,@EcceOso
@akbarjenkins,@KevinMKruse
@akbarjenkins,@buzzkillprof
@akbarjenkins,@kevinbaker
@mikejanda,@abcnews
@tomfgoodwin,@ewpaisley
@dataeditor,@MissRyley
@dataeditor,@AnnieWaldman
@Brian_Riedl,@HeidiPrzybyla
@jammastergirish,@Vendata_org
@gijn,@storybench
@gijn,@Ruobing_SR
@dw_akademie,@DeutscheWelle
@smfrogers,@mariedeconde
@smfrogers,@fromedome
@Agenzia_Italia,@SkyUno
@sarahcnyt,@derekwillis
@GregHolmanNL,@AFP
@dancow,@OKFN
@dancow,@palewire
@dancow,@ICIJorg
@MaeveMCC,@TipOffPodcast
@MaeveMCC,@SongExploder
@MaeveMCC,@monstris
@MaeveMCC,@disobedientf
@small_media,@nanyjharon
@small_media,@NgeungaM
@EU_opendata,@journalismfund
@jpiacenza,@BrandonAmbro
@emilybell,@columbiajourn
@bpopken,@neo4j
@bpopken,@mdavidallen
@bpopken,@lyonwj
@nikkiusher,@Blackamazon
@nikkiusher,@NiemanLab
@JeremyLittau,@nikkiusher
@JeremyLittau,@dfreelon
@JeremyLittau,@ChelseaJulian
@JeremyLittau,@jmart181
@JeremyLittau,@SethCLewis
@JeremyLittau,@rodzam
@rmnth,@johnraja
@rmnth,@ac_soc
@DoctorYasmin,@JSKstanford
@DoctorYasmin,@barbaramaseda
@palewire,@jonkeegan
@palewire,@stuartathompson
@palewire,@JuliaAngwin
@palewire,@ProPublica
@annamasera,@MariannaBruschi
@Brian_Riedl,@HeidiPrzybyla
@brodiegal,@AfricaCheck
@mediatwit,@biancafortis
@gijn,@frayintermedia
@gijn,@journocode
@codeforamerica,@OklaDOC
@OKFN,@ICIJorg
@Bahareh360,@paulbradshaw
@jburnmurdoch,@journocode
@derekahunter,@Acosta
@TBIJ,@bureaulocal
@DrMabula,@sovellohp
@DrMabula,@umwalimu
@DrMabula,@HKigwangalla
@DrMabula,@DocFaustine
@DrMabula,@JamiiForums
@tarahaelle,@mirkolorenz
@tarahaelle,@paulbradshaw
@tarahaelle,@RachelZamzow
@shurufu,@nuzulack
@shurufu,@MwananchiNews
@Bahareh360,@CarolineMcGee
@dancow,@palewire
@dancow,@OKFN
@dancow,@ICIJorg
@dancow,@ICIJorg
@gijn,@journocode
@jeremybowers,@derekwillis
@gijn,@journocode
@gijn,@giannagruen
@palewire,@jonkeegan
@palewire,@stuartathompson
@palewire,@JuliaAngwin
@palewire,@ProPublica
@Jdharden,@Publici
@SarahMarshall,@MartinBelam
@Agenzia_Italia,@XFactor_Italia
@gijn,@stevecarufel_
@gijn,@journalismnews
@damianradcliffe,@mariusdrag
@damianradcliffe,@cmdsatCEU
@gijn,@ICFJ
@gijn,@OCCRP
@gijn,@ICFJKnight
@nikkiusher,@LatoyaPeterson
@emayfarris,@ProPublica
@MohammadFarooq_,@GibranAshraf
@MohammadFarooq_,@asad_ziakhan
@nikkiusher,@jmart181
@nikkiusher,@ChelseaJulian
@nikkiusher,@SethCLewis
@nikkiusher,@dfreelon
@nikkiusher,@JeremyLittau
@nikkiusher,@rodzam
@nikkiusher,@derekwillis
@gijn,@DatavisDaily
@nikkiusher,@madelinebwelsh
@JBeattieMirror,@GreensladeR
@dancow,@nytimes
@jonmontpetit,@robroc
@gijn,@pinardag
@gijn,@puntofisso
@gijn,@OKFN
@gijn,@ODIHQ
@gijn,@DagmedyaVeri
@jburnmurdoch,@BillyEhrenberg
@jburnmurdoch,@alekswis
@jburnmurdoch,@sarahgor
@FitzTheReporter,@CathyReisenwitz
@small_media,@nanyjharon
@small_media,@NgeungaM
@hazelsheffield,@bureaulocal
@cbaxter1,@SStirling
@gijn,@WilberIsBananas
@gijn,@annavitals
@gijn,@albertocairo
@chhopsky,@TheBegonis
@chhopsky,@PaulChaloner
@Agenzia_Italia,@JamesArthur23
@RNW,@rntc
@henkvaness,@guardian
@henkvaness,@HelenaBengtsson
@Agenzia_Italia,@ThisisManeskin
@treygraham,@MikeIsaac
@treygraham,@TaraAriano
@ICFJ,@ICFJKnight
@nikkiusher,@kellenhenry
@FrancesRobles,@omayasosa
@nikkiusher,@Longreads
@Pete_Spence,@youngvulgarian
@martinstabe,@jburnmurdoch
@martinstabe,@ftdata
@andrewperezdc,@MapLight
@andrewperezdc,@IBTimes
@emilybell,@cocteau
@manhack,@journocode
@troyreebglobal,@Cain
@mattseaton,@jimschachter
@gayle_tomlinson,@davidhiggerson
@gijn,@Airbnb
@gijn,@MusMekh
@CarolNdosi,@dlabtz
@CarolNdosi,@ 
@gijn,@SunFoundation
@gijn,@ajc
@gijn,@gijn
@mattwaite,@palewire
@mattwaite,@digitalamysw
@mattwaite,@cacivicdata
@mattwaite,@SDSU
@mattwaite,@macloo
@mediatwit,@datadotworld
@mediatwit,@biancafortis
@mediatwit,@be3d
@mediatwit,@jonloyens
@margotroosevelt,@latimes
@Blackamazon,@MattCData
@IChotiner,@lpolgreen
@IChotiner,@Slate
@GoogleTrends,@ejcnet
@newslaundry,@googlenewslab
@Info_Activism,@seeingsideways
@AbhinavAgarwal,@IndiaSpend
@AbhinavAgarwal,@OpIndia_com
@AbhinavAgarwal,@CW_dynastycrook
@azambelich,@NPR
@azambelich,@nprviz
@azambelich,@EmilyBogle
@azambelich,@BritRenee_
@azambelich,@beck2thefuture
@azambelich,@marycmclain
@azambelich,@anntheeli
@azambelich,@EmilyBJan
@azambelich,@raqzal
@azambelich,@lydiathom93
@riotta,@CatchyBigData
@gijn,@srfdata
@gijn,@gijn
@Internews,@EvaConstantaras
@mordecaiholtz,@mims
@digiphile,@SunFoundation
@vanguardngrnews,@vanguardngr
@alstewitn,@eggsoldier
@alstewitn,@WMLabourVoter
@ptr_yeung,@rob_cusack
@gijn,@dataandme
@gijn,@timelyportfolio
@gijn,@AntGuilllot
@gijn,@ODcamp
@gijn,@gijn
@MSPowerBI,@AP
@palewire,@botherchou
@palewire,@FOXSports
@palewire,@Ken_Rosenthal
@googlenewslab,@smfrogers
@googlenewslab,@albertocairo
@googlenewslab,@googlenewslab
@LukaszukAB,@Jantafrench
@kevinfolta,@nytimes
@kevinfolta,@benandjerrys
@Megan_Lucero,@ptr_yeung
@Megan_Lucero,@TBIJ
@Megan_Lucero,@bureaulocal
@Megan_Lucero,@l_ucasbatt
@Megan_Lucero,@TheBristolCable
@JeremyLittau,@FiveThirtyEight
@walkleys,@irenejayliu
@newslaundry,@IndiaSpend
@cijournalism,@pilhofer
@mediatwit,@IRE_NICAR
@mediatwit,@source
@dziennikarz,@Google
@SlushHQ,@GENinnovate
@SlushHQ,@f_l_o_u_r_i_s_h
@mediatwit,@webjournalist
@mediatwit,@USCAnnenberg
@mediatwit,@Journalism_360
@gijn,@ajc
@gijn,@zeitonline
@gijn,@PPLAFF
@gijn,@fabiolatorres
@walkleys,@isentia
@cjciaramella,@palewire
@albertocairo,@UXpod
@IChotiner,@IHaveToAskPod
@IChotiner,@lpolgreen
@IChotiner,@Slate
@walkleys,@iSentia
@albertocairo,@NadiehBremer
@albertocairo,@sxywu
@gijn,@morgenpost
@gijn,@gijn
@mediatwit,@UOsojc
@mediatwit,@sami_edge
@mediatwit,@cunysocialj
@lwalker,@Rhyne
@glynmoody,@BBC
@Bahareh360,@UCD_iSchool
@lwalsh,@ThePlainDealer
@infogram,@gijn
@Danict89,@fryford
@JanHollitzer,@AlterPaetz
@JanHollitzer,@moklick
@JanHollitzer,@newreld
@JanHollitzer,@chrtze
@JanHollitzer,@datentaeterin
@gijn,@Bloomberg
@gijn,@Poynter
@IJNet,@UNDPMoldova
@olifranklin,@jdthndr
@mediatwit,@IRE_NICAR
@mediatwit,@source
@gijn,@smashingmag
@gijn,@gijn
@TomMarshall_B,@jamesnwatson
@gijnAfrica,@marksmith
@gijnAfrica,@journalism
@gijn,@spj_tweets
@gijn,@journalismnews
@mberzosa,@EU_Eurostat
@mberzosa,@AnnieM11
@JosephSerna,@latimes
@gijn,@africaodc
@sole24ore,@lucatremolada
@sole24ore,@andreagianotti
@walkleys,@irenejayliu
@honegger,@nytimes
@mediatwit,@datadotworld
@mediatwit,@biancafortis
@mediatwit,@be3d
@mediatwit,@jonloyens
@MissRyley,@CunyJPlus
@walkleys,@isentia
@jacquelinee,@smfrogers
@GENinnovate,@poynter
@glennsmith5,@tbartelme
@EngnRoom,@EvaConstantaras
@albertocairo,@Bahareh360
@walkleys,@irenejayliu
@mattwaite,@palewire
@mattwaite,@digitalamysw
@mattwaite,@cacivicdata
@mattwaite,@SDSU
@mattwaite,@macloo
@Danict89,@Flipboard
@gijn,@gbvitrano
@gijn,@gijn
@damianradcliffe,@usponline
@gijn,@AntGuilllot
@gijn,@gijn
@mattwaite,@palewire
@mattwaite,@digitalamysw
@mattwaite,@cacivicdata
@mattwaite,@SDSU
@mattwaite,@macloo
@npr_rad,@SABEW
@npr_rad,@business_econ
@npr_rad,@geewaxnpr
@ansaeuropa,@Agenzia_Ansa
@ansaeuropa,@AFP
@ansaeuropa,@dpa_intl
@cadamole,@mab8663Panto
@cadamole,@NPRextra
@cadamole,@NPRskunkbear
@TWallack,@MadiLAlexander
@Bahareh360,@UCD_iSchool
@davidottewell,@LukeBeardsworth
@Danict89,@fryford
@Danict89,@HuffPostData
@Danict89,@GuardianData
@Danict89,@BBCNewsGraphics
@Danict89,@ftdata
@ErikaMasonhall,@campbell_brown
@palewire,@lpolgreen
@palewire,@UpshotNYT
@mukhtaryare,@Mail_Gun
@mukhtaryare,@washingtonpost
@infogram,@datatheism
@googlenewslab,@albertocairo
@MSPowerBI,@AssociatedPress
@Megan_Lucero,@ptr_yeung
@Megan_Lucero,@TBIJ
@Megan_Lucero,@bureaulocal
@Danict89,@Flipboard
@vrsrini,@the_hindu
@walkleys,@irenejayliu
@dziennikarz,@AgataHania
@mediatwit,@webjournalist
@mediatwit,@USCAnnenberg
@mediatwit,@journalism_360
@AfricaCheck,@pantaphobious
@gijn,@venohr
@gijn,@gijn
@CurtisSChin,@rschallom
@infogram,@datatheism
@mattwaite,@roysukanya
@mattwaite,@ACJIndia
@gijn,@zeitonline
@InkHousePR,@nfee104
@Danict89,@visualisingdata
@Bahareh360,@UCD_iSchool
@gijn,@fabiolatorres
@Jdharden,@smfrogers
@Connected_dev,@newmwdiahub
@gijn,@guardian
@RajneeshB,@paulbradshaw
@Internews,@evaconstantaras
@Internews,@MozLearn
@AndrewDFish,@TheInterceptBr
@walkleys,@irenejayliu
@alexgibneyfilm,@RuhullahKhapalw
@gijn,@fabiolatorres
@walkleys,@irenejayliu
@gijn,@italiaafuoco
@gijn,@gbvitrano
@gijn,@OpenStreetMapIt
@gijn,@giornaleprociv
@gijn,@aborruso
@gijn,@il_tempe
@gijn,@matt_fortini
@gijn,@marievafavoino
@TheWJP,@TheWJP
@darrenrovell,@gjohns
@GENinnovate,@electionland
@GENinnovate,@wsj
@GENinnovate,@RutasConflicto
@GENinnovate,@KRIKrs
@martinstabe,@grssnbchr
@mediatwit,@webjournalist
@mediatwit,@USCAnnenberg
@mediatwit,@Journalism_360
@jschwabish,@albertocairo
@mediatwit,@datadotworld
@mediatwit,@biancafortis
@mediatwit,@be3d
@mediatwit,@jonloyens
@googlenewslab,@ejcnet
@mediatwit,@thejovrnalism
@mediatwit,@IRE_NICAR
@saikatd,@HartoshSinghBal
@TomMarshall_B,@WhiteNoise1879
@spj_tweets,@webjournalist
@Justin_B_Smith,@business
@Justin_B_Smith,@BloombergTV
@LeahBecerra,@replyall
@LeahBecerra,@kelsey_ryan
@albertocairo,@mcgeoff
@frankshyong,@joemfox
@frankshyong,@gaufre
@frankshyong,@priyakkumar
@BraceyHarris,@juliacraven
@MSPowerBI,@King5
@gijn,@journalismnews
@gijn,@gijn
@fvaraorta,@educationweek
@fvaraorta,@D_Aarons
@fvaraorta,@chendrie
@GregBarila,@ColinJamesTiser
@Bahareh360,@nuigalway
@AbhinavAgarwal,@IndiaSpend
@meganjwhelan,@InsightRNZ
@gijnAfrica,@marksmith
@gijnAfrica,@journalism
@infogram,@gijn
@JZarracina,@zerotoledo
@JZarracina,@smfrogers
@JZarracina,@abraji
@fvaraorta,@webjournalist
@walkleys,@isentia
@dieterholger,@egoddardhokie
@LNdata,@EvaConstantaras
@byPeteVernon,@rhyne
@gijn,@googlenewslab
@gijn,@smfrogers
@gijn,@ejcnet
@Connected_dev,@newmediahub
@gijn,@kinshasaweb
@gijn,@gijn
@mediatwit,@webjournalist
@mediatwit,@USCAnnenberg
@mediatwit,@journalism_360
@mediatwit,@thejovrnalism
@mediatwit,@IRE_NICAR
@hrbrmstr,@greatbaycc
@TBIJ,@cboutaud
@TBIJ,@ptr_yeung
@JaxBischof,@phillipdewet
@lorepregliasco,@davidemancino1
@lorepregliasco,@Corriere
@shelholtz,@pgillin
@shelholtz,@dstrom
@pohl_jason,@sgillies
@albertocairo,@fabiolatorres
@gijn,@fabiolatorres
@gijn,@Ojo_Publico
@darrenwaters,@ONS
@lewis_goodall,@paulbradshaw
@smfrogers,@ejcnet
@infogram,@guardian
@iainmarlow,@Poynter
@wexler,@RebeccaKKatz
@mtigas,@propubnerds
@JZarracina,@AnnaFlagg
@CBCQueensPark,@iciontario
@CBCQueensPark,@valerie_ouellet
@CBCQueensPark,@boissoal
@CBCQueensPark,@caj
@dancow,@fatalencounters
@googlenewslab,@albertocairo
@googlenewslab,@matthew_daniels
@googlenewslab,@googlenewslab
@SheffUniJourno,@PA
@sanjoynarayan,@Maid_Marianne
@albertocairo,@arnicas
@albertocairo,@Duenes
@albertocairo,@bestqualitycrab
@albertocairo,@MonaChalabi
@albertocairo,@pciuccarelli
@albertocairo,@dancohen
@albertocairo,@lenagroeger
@albertocairo,@dangillmor
@albertocairo,@pilhofer
@googlenewslab,@smfrogers
@googlenewslab,@albertocairo
@googlenewslab,@matthew_daniels
@googlenewslab,@googlenewslab
@ModupeTV,@IRE_NICAR
@ModupeTV,@mujschool
@MadiLAlexander,@brianjdunne
@albertocairo,@maps4news
@nicolakuhrt,@gijn
@Bahareh360,@datajconf
@LNdata,@EvaConstantaras
@AEI,@MichaelRStrain
@faris,@nytimes
@faris,@TroyEricG
@Megan_Lucero,@WomenInMediaCon
@Megan_Lucero,@amnesty
@aboutaaron,@GA_DC
@aboutaaron,@ 
@EBU_HQ,@njr7
@GENinnovate,@Google
@Northeastern,@googlenewslab
@neo4j,@unterstein
@neo4j,@tsawyersoftware
@neo4j,@linkurious
@BenoitBringer,@PLTVfilms
@donnaleecbc,@CBCManitoba
@GoogleTrends,@albertocairo
@GoogleTrends,@matthew_daniels
@GoogleTrends,@googlenewslab
@mtdukes,@jonathanstray
@Megan_Lucero,@TomWills
@Megan_Lucero,@thetimes
@Megan_Lucero,@thesundaytimes
@mtdukes,@christinezhang
@Primaonline,@TRUENUMBERSTW
@Primaonline,@Reteconomy
@tasneemraja,@j_la28
@rafat,@Maid_Marianne
@RyanDEnos,@Nate_Cohn
@AdrianBlancoR,@bureaulocal
@IJNet,@pulitzercenter
@hayhud,@ProfJeffJarviss
@MaggieMenderski,@BillChurchMedia
@albertocairo,@smfrogers
@albertocairo,@matthew_daniels
@sarahhalzack,@dog_rates
@sdp,@washingtonpost
@sdp,@nytimes
@mberzosa,@googlenewslab
@mberzosa,@Journalism_360
@TravisMannon,@Apple
@TravisMannon,@joshbegley
@Megan_Lucero,@bureaulocal
@Megan_Lucero,@k_i_l_n
@davidblawal,@BudgITng
@davidblawal,@TheNationNews
@CourtRutherford,@jacquesmarcoux
@CourtRutherford,@SKKav
@martinstabe,@ireneros
@dataeditor,@KarrieKehoe
@Megan_Lucero,@gijn
@RebekahLSanders,@anneryman
@RebekahLSanders,@kailawhite
@RebekahLSanders,@meganrcassidy
@RebekahLSanders,@meganmfinnerty
@RebekahLSanders,@DawnGilbertson
@counterpartint,@USAIDGuate
@MadiLAlexander,@brianjdunne
@LNCreativa,@nacion
@danwainwright,@zoewalkerjourn1
@RebekahLSanders,@publishorperish
@RebekahLSanders,@nicole_carroll
@RebekahLSanders,@karinabland
@RebekahLSanders,@yvonnewingett
@RebekahLSanders,@mpolletta
@RebekahLSanders,@jboehm_NEWS
@RebekahLSanders,@maryjpitzl
@RebekahLSanders,@aliarau
@davemistich,@ONA
@infogram,@MaryJoWebster
@bayer_julia,@rayna_breuer
@mWilstory,@NateSilver538
@mWilstory,@FiveThirtyEight
@AaronMehta,@benbwieder
@you_trend,@lorepregliasco
@you_trend,@360Giornale
@charlesminshew,@DJNF
@LauraJSilverman,@666satansass666
@LauraJSilverman,@Twitter
@LauraJSilverman,@MelissaJPeltier
@pressgazette,@Gareth_Davies09
@pressgazette,@TBIJ
@evanchill,@DavidKenner
@JenniferPreston,@kcecireyes
@OReillyMedia,@denormalize
@neo4j,@unterstein
@neo4j,@tsawyersoftware
@neo4j,@linkurious
@benwerd,@InternetArchive
@markham,@smfrogers
@markham,@SpeakerRyan
@itsjina,@pulitzercenter
@albertocairo,@smfrogers
@Bahareh360,@datajconf
@IJNet,@aroonkarki
@counterpartint,@IREXintl
@Info_Activism,@seeingsideways
@stacyannj,@carla_astudi
@victorianoi,@leymarta
@martinstabe,@Megan_Lucero
@martinstabe,@TBIJ
@_Faysal,@WithKashmir_
@_Faysal,@wandemagazine
@_Faysal,@FreePressK
@EBU_HQ,@njr7
@journalismfest,@qz
@justingeorge,@baltimoresun
@justingeorge,@DianaSugg
@justingeorge,@lsmitherman
@justingeorge,@richardmar10
@LauraJSilverman,@MelissaJPeltier
@LauraJSilverman,@Twitter
@zerotoledo,@jhilden
@zerotoledo,@mcgeoff
@zerotoledo,@AnnaFlagg
@infogram,@ddjournalism
@davidblawal,@Code4Africa
@davidblawal,@journosonline
@aimafidon,@GirlMeetsCode
@aimafidon,@codenodeuk
@mikesisak,@albertocairo
@OmidyarNetwork,@pulitzercenter
@hatchjt,@MeghanHoyer
@CBCManitoba,@SKKav
@CBCManitoba,@jacquesmarcoux
@ICFJ,@richardgingras
@Jdharden,@Maid_Marianne
@JMPyper,@GreentechMedia
@aaja,@ProPublica
@dataeditor,@SophieWarnes
@OmidyarNetwork,@pulitzercenter
@derjarjour,@tibor
@BenoitBringer,@PLTVfilms
@dancow,@MacDiva
@LNCreativa,@NataliaQuirogaS
@LNCreativa,@scottbrown545
@LNCreativa,@gabybouret
@LNCreativa,@MarianTV
@LNCreativa,@Jadalytics
@LNCreativa,@LNdata
@moorehn,@amyoleary
@nicolakuhrt,@gijn
@Razarumi,@dmedialab
@SarahDayOwen,@andrew_dunn
@googlenewslab,@smfrogers
@googlenewslab,@albertocairo
@googlenewslab,@matthew_daniels
@googlenewslab,@googlenewslab
@rachelnixon,@Maid_Marianne
@googlenewslab,@smfrogers
@googleeurope,@GENinnovate
@insidepages,@AP
@googlenewslab,@googlenewslab
@jscarto,@Pierre_Markuse
@jscarto,@ 
@TamarCharney,@NPRone
@infogram,@MaryJoWebster
@philaloux,@plicplic
@philaloux,@joelmatriche
@IJNet,@gijn
@albertocairo,@ChristiansenJen
@strataconf,@denormalize
@darrenwaters,@ONS
@googlenewslab,@googlenewslab
@Delo,@007_delic
@albertocairo,@smfrogers
@albertocairo,@matthew_daniels
@albertocairo,@googlenewslab
@TWallack,@branthouston
@TWallack,@BillDedman
@TWallack,@sdoig
@nikkiusher,@dryfe
@albertocairo,@smfrogers
@albertocairo,@matthew_daniels
@albertocairo,@googlenewslab
@albertocairo,@GoogleTrends
@Info_Activism,@seeingsideways
@mtdukes,@dataeditor
@IJNet,@aroonkarki
@IJNet,@cijnepal
@TBIJ,@bureaulocal
@GENinnovate,@albertocairo
@Lkhagva,@MaJinxin
@AlexYablon,@IRE_NICAR
@SpainMFA,@casamerica
@Megan_Lucero,@Marthalanefox
@palewire,@business
@palewire,@latimeshomicide
@NicDawes,@sebabrata
@NicDawes,@htTweets
@Megan_Lucero,@bureaulocal
@Megan_Lucero,@pressgazette
@mikesisak,@albertocairo
@JenniferPreston,@thepapaya
@albertocairo,@Duenes
@albertocairo,@arnicas
@albertocairo,@bestqualitycrab
@IndiaSpend,@pmittal88
@counterpartint,@IREXintl
@counterpartint,@USAIDGuate
@damianradcliffe,@Maid_Marianne
@mtdukes,@jeremybowers
@mtdukes,@Duke_DeWitt
@thepapaya,@knightfdn
@thepapaya,@kcecireyes
@thepapaya,@pilhofer
@thepapaya,@rdmurphy
@journalismfest,@qz
@kbmiami,@pilhofer
@kbmiami,@kcecireyes
@kbmiami,@rdmurphy
@CFImedias,@GENinnovate
@TWallack,@WesleyLowery
@TWallack,@SH_Awards
@TWallack,@ajc
@momiperalta,@JuliaAngwin
@ptr_yeung,@FT
